-- --------------------------------------------------------
-- Host:                         127.0.0.1
-- Server version:               8.0.30 - MySQL Community Server - GPL
-- Server OS:                    Win64
-- HeidiSQL Version:             12.1.0.6537
-- --------------------------------------------------------

/*!40101 SET @OLD_CHARACTER_SET_CLIENT=@@CHARACTER_SET_CLIENT */;
/*!40101 SET NAMES utf8 */;
/*!50503 SET NAMES utf8mb4 */;
/*!40103 SET @OLD_TIME_ZONE=@@TIME_ZONE */;
/*!40103 SET TIME_ZONE='+00:00' */;
/*!40014 SET @OLD_FOREIGN_KEY_CHECKS=@@FOREIGN_KEY_CHECKS, FOREIGN_KEY_CHECKS=0 */;
/*!40101 SET @OLD_SQL_MODE=@@SQL_MODE, SQL_MODE='NO_AUTO_VALUE_ON_ZERO' */;
/*!40111 SET @OLD_SQL_NOTES=@@SQL_NOTES, SQL_NOTES=0 */;


-- Dumping database structure for shop
CREATE DATABASE IF NOT EXISTS `shop` /*!40100 DEFAULT CHARACTER SET utf8mb4 COLLATE utf8mb4_vietnamese_ci */ /*!80016 DEFAULT ENCRYPTION='N' */;
USE `shop`;

-- Dumping structure for table shop.admin
CREATE TABLE IF NOT EXISTS `admin` (
  `admin_id` int NOT NULL AUTO_INCREMENT COMMENT 'Mã admin',
  `admin_accountname` varchar(255) CHARACTER SET utf8mb4 COLLATE utf8mb4_unicode_ci NOT NULL COMMENT 'Tên tài khoản',
  `admin_password` varchar(255) CHARACTER SET utf8mb4 COLLATE utf8mb4_unicode_ci NOT NULL COMMENT 'Mật khẩu',
  `admin_name` varchar(255) CHARACTER SET utf8mb3 COLLATE utf8mb3_general_ci NOT NULL COMMENT 'Tên admin',
  `admin_role` tinyint DEFAULT '1' COMMENT 'Vai trò',
  `admin_state` tinyint NOT NULL DEFAULT '1' COMMENT 'Trạng thái',
  `image` varchar(255) CHARACTER SET utf8mb4 COLLATE utf8mb4_unicode_ci DEFAULT NULL,
  `updated_at` timestamp NULL DEFAULT NULL,
  `created_at` timestamp NULL DEFAULT NULL,
  `remember_token` varchar(100) CHARACTER SET utf8mb4 COLLATE utf8mb4_unicode_ci DEFAULT NULL,
  PRIMARY KEY (`admin_id`)
) ENGINE=InnoDB AUTO_INCREMENT=3 DEFAULT CHARSET=utf8mb4 COLLATE=utf8mb4_unicode_ci;

-- Dumping data for table shop.admin: ~0 rows (approximately)
INSERT INTO `admin` (`admin_id`, `admin_accountname`, `admin_password`, `admin_name`, `admin_role`, `admin_state`, `image`, `updated_at`, `created_at`, `remember_token`) VALUES
	(1, 'nam278z01', '$2y$10$jgxWzVb5DY70QlNFVij4GOzgnIjDGn.PpAvlczBbRmT4IyeRuWJEK', 'Nguyễn Nam', 1, 1, 'avatar04.png', NULL, NULL, '');

-- Dumping structure for table shop.category
CREATE TABLE IF NOT EXISTS `category` (
  `category_id` int NOT NULL AUTO_INCREMENT COMMENT 'Mã danh mục',
  `category_name` varchar(100) CHARACTER SET utf8mb3 COLLATE utf8mb3_general_ci NOT NULL COMMENT 'Tên danh mục',
  PRIMARY KEY (`category_id`)
) ENGINE=InnoDB AUTO_INCREMENT=22 DEFAULT CHARSET=utf8mb4 COLLATE=utf8mb4_unicode_ci;

-- Dumping data for table shop.category: ~11 rows (approximately)
INSERT INTO `category` (`category_id`, `category_name`) VALUES
	(1, 'Áo'),
	(2, 'Quần'),
	(3, 'Quần đùi'),
	(8, 'Đồ liền thân'),
	(9, 'Áo khoác'),
	(11, 'Hoodie & Áo nỉ'),
	(12, 'Bộ'),
	(14, 'Đồ ngủ'),
	(16, 'Đồ truyền thống'),
	(20, 'Vớ/Tất'),
	(21, 'Đầm/Váy');

-- Dumping structure for table shop.color
CREATE TABLE IF NOT EXISTS `color` (
  `color_id` int NOT NULL AUTO_INCREMENT COMMENT 'Mã màu sản phẩm',
  `color_name` varchar(100) CHARACTER SET utf8mb3 COLLATE utf8mb3_general_ci NOT NULL COMMENT 'Tên màu sản phẩm',
  `product_price` double NOT NULL COMMENT 'Giá sản phẩm',
  `product_image1` varchar(200) CHARACTER SET utf8mb3 COLLATE utf8mb3_general_ci NOT NULL COMMENT 'Ảnh 1',
  `product_image2` varchar(200) CHARACTER SET utf8mb3 COLLATE utf8mb3_general_ci DEFAULT NULL COMMENT 'Ảnh 2',
  `product_image3` varchar(200) CHARACTER SET utf8mb3 COLLATE utf8mb3_general_ci DEFAULT NULL COMMENT 'Ảnh 3',
  `product_image4` varchar(200) CHARACTER SET utf8mb3 COLLATE utf8mb3_general_ci DEFAULT NULL COMMENT 'Ảnh 4',
  `product_image5` varchar(200) CHARACTER SET utf8mb3 COLLATE utf8mb3_general_ci DEFAULT NULL COMMENT 'Ảnh 5',
  `product_id` int NOT NULL COMMENT 'Mã sản phẩm',
  PRIMARY KEY (`color_id`),
  KEY `product_id` (`product_id`),
  CONSTRAINT `color_ibfk_1` FOREIGN KEY (`product_id`) REFERENCES `product` (`product_id`) ON DELETE CASCADE
) ENGINE=InnoDB AUTO_INCREMENT=239 DEFAULT CHARSET=utf8mb4 COLLATE=utf8mb4_unicode_ci;

-- Dumping data for table shop.color: ~134 rows (approximately)
INSERT INTO `color` (`color_id`, `color_name`, `product_price`, `product_image1`, `product_image2`, `product_image3`, `product_image4`, `product_image5`, `product_id`) VALUES
	(1, 'Đen', 142000, '1610954054037523ce2e1b5541c69040ccb4102400_thumbnail_900x.webp', '1610954057e9d333c568dd4f28a5fd56343acb912e_thumbnail_900x.webp', '16109540614aabaa892deb01c5d59b17e73326a2a8_thumbnail_900x.webp', '1610954064b4d703949275742134916533ca2c4253_thumbnail_900x.webp', '16109540670d4cab359190a6ff9e445efeb15b2a6b_thumbnail_900x.webp', 1),
	(2, 'Xanh trời', 279000, '16454131255afcc643a69b66c26689dda9181d1c54_thumbnail_900x.webp', '1645413133d534d4842ab0c89cbb2edd272669590e_thumbnail_900x.webp', '1645413131f0602c3612f8dabe2c0356f3e366ffcb_thumbnail_900x.webp', NULL, NULL, 2),
	(3, 'Xanh lá', 179000, '160920611249ad39d73eeee11fbaac26e377576d23_thumbnail_900x.webp', '1609206120a804b3017788c7d41c18305cd9e71fce_thumbnail_900x.webp', '1609206123447c39a80f62252d15ac6cc6f798f091_thumbnail_900x.webp', NULL, NULL, 3),
	(4, 'Màu xanh nhạt', 189000, '1618211892e75457451d549d7d4db079b5e090e11a_thumbnail_900x.webp', '16182118953f87e2f1faaf757c2337ab4ff3964c03_thumbnail_900x.webp', '16182119007c0cb3990a3621e2af7968d5249a6f28_thumbnail_900x.webp', '16182119051c4f9b7b948d195033dd19eb8e742ac2_thumbnail_900x.webp', NULL, 3),
	(5, 'Bụi hồng', 212000, '1649313585f9122376541fc5bebb42d02f751dfcb2_thumbnail_900x.webp', '1649313587e2857ae575b1bbbaa708304a33f82d86_thumbnail_900x.webp', '1649313589aecf462147b15f1c06fa8b14dcb99996_thumbnail_900x.webp', '1649313591cd494a031e025b164c489798fb1bffc7_thumbnail_900x.webp', '16493135971e3fa57e0f6f53e27fb17ff21b759d12_thumbnail_900x.webp', 4),
	(6, 'Trắng', 216000, '1648450658b948882cf65aa3f0086e7989fbc9e7fd_thumbnail_900x.webp', '1648450661235cabc1104f54b32afedf8094bbe7d7_thumbnail_900x.webp', '164845066326a16b50f07a9159996868ebb72c22ca_thumbnail_900x.webp', '164845066520964b5f0abce253b6d569119824f335_thumbnail_900x.webp', '16484506694e16bc04657ef28707d8b29de8dcc49e_thumbnail_900x.webp', 4),
	(7, 'Xanh lá', 211000, '16493136081a5ef0c748eb63af52cc624fc388c6a7_thumbnail_900x.webp', '16493136413af016974d7011e50566ac38492de680_thumbnail_900x.webp', '164931368054500f5c377f92b902da5348e1f68a0a_thumbnail_900x.webp', '164931371618a2dbbd32883ec90db99e72f30d58e8_thumbnail_900x.webp', '164931376462b7c2bad488c03533d9540a63bb9aa9_thumbnail_900x.webp', 4),
	(9, 'Trắng', 371000, '16464650625b0643019be992b87ea960019513c4eb_thumbnail_900x.webp', '1646465064465e152e1327d339c980a1410752448b_thumbnail_900x.webp', '1646465065a5f896b17836aacfe042103462d74910_thumbnail_900x.webp', NULL, NULL, 6),
	(10, 'Cam nhạt', 252000, '1648815101a614d76d128ceff55e355e80a56771a8_thumbnail_900x.webp', '1648815103910afbfb8917a0e0cc785f5fb82a23d4_thumbnail_900x.webp', '1648815104739f6a49e3619371541776bedb195b52_thumbnail_900x.webp', '1648815105e3f6826346f61b8d087bf8abb1788ce0_thumbnail_900x.webp', NULL, 8),
	(11, 'Đen', 223000, '16500932437393e3a83194a3792af9be96b430348a_thumbnail_900x.webp', '1650093245ae4ad8d68ae23d2295ce22fea24a5540_thumbnail_900x.webp', '1650093247fd6ea84b12d1b73cd2c913560d37726d_thumbnail_900x.webp', '1650093249335ee2f2971667060dda3bc4e2edafaa_thumbnail_900x.webp', '1650093251f7db9a8184d555cba5780e5412ac19bf_thumbnail_900x.webp', 9),
	(12, 'Nhiều màu', 267000, '16496403077a3348181cf19bbe1e054dce096f8a43_thumbnail_900x.webp', '16496402986dbe4cb949a07ce6589de2fc228d16a9_thumbnail_900x.webp', '16496403015da9bd409826aa79e4d2ad4b9991412e_thumbnail_900x.webp', '1649640296df98a631044054a97d151b21e7dea9b1_thumbnail_900x.webp', NULL, 10),
	(13, 'Be nhạt', 245000, '1649646534d7d57013c5076c63026d4b9bc6b2f651_thumbnail_900x.webp', '16496465273a164b7236e77c3baff87b1b1c42d352_thumbnail_900x.webp', '16496465290438e84c01c16c8352267e186ae9f742_thumbnail_900x.webp', '16496465321fe9fbeb95b0bbfaad2d16d85228047e_thumbnail_900x.webp', NULL, 11),
	(14, 'Trắng', 535000, '16492486009eee7455353bf0df410f550abbeb4a53_thumbnail_900x.webp', '1649248603401e9f8a1a260d7d3de658f928b0ff36_thumbnail_900x.webp', '1649248606170c5dcb1ec2940799a594c741d734c5_thumbnail_900x.webp', '1649248608bb23126e53ffb1f791296ec2e2259d3c_thumbnail_900x.webp', '16492486110a19d46494f5a39dc1ecce8ec9f16c13_thumbnail_900x.webp', 12),
	(15, 'Trắng', 369000, '16390275394e38a65b4455af93447350e0a9713e58_thumbnail_900x.webp', '16390275418b77d6e3e73883c418583b279933c1c9_thumbnail_900x.webp', '1639027544df6037381b14b01901e791077d9c1c09_thumbnail_900x.webp', '1639027546a8eb9640b025b4563f6c9212a789218e_thumbnail_900x.webp', '16390275490a026c3d68aee034d71f558345e971c3_thumbnail_900x.webp', 13),
	(17, 'Đen', 229000, '164630314053419fc2963f7c59a2146a3879cad57a_thumbnail_900x.webp', '16463031417e1c6f83315bd2e4199a6c328d7a3287_thumbnail_900x.webp', '16463031447ccba117c3bc271f4042d4c4f57608d5_thumbnail_900x.webp', '1646303146be18a16c8126c4043ea8f93b5aa5ee99_thumbnail_900x.webp', NULL, 15),
	(18, 'Hồng', 229000, '1646963292390bff454c2baee8e5d869400a82b4ae_thumbnail_900x.webp', '1646963294ddfb2be01b3223c255a6f9a8ba495502_thumbnail_900x.webp', '1646963296779136d1e61521592306b84299bf5276_thumbnail_900x.webp', '164696329800b6a4ef76757aa9d7779e3a9ae2a4aa_thumbnail_900x.webp', '1646963300064ddcea7464b67b9bf33387a66dd5d7_thumbnail_900x.webp', 15),
	(19, 'Xanh lá', 215000, '16496458305436ee08212ab85e4df0cab7a984372a_thumbnail_900x.webp', '1649645826a1705ba4f374a4e41a631465f82057d6_thumbnail_900x.webp', '1649645824f48742b1d76e5585f3e0da26016ab4fe_thumbnail_900x.webp', '1649645828a628b849b7acde2ee7b0173e3f1682f6_thumbnail_900x.webp', '1649645831edf7e45f961574b16de7bf4839ffce57_thumbnail_900x.webp', 17),
	(20, 'Xanh da trời', 303000, '164918366219ceaff449594c88a4722385e1ad7ad2_thumbnail_900x.webp', '1649183663e5cf2e620ba9ba6404d3a30feeab2121_thumbnail_900x.webp', '16491836654c4b4f86da269044d751252327ee7a7a_thumbnail_900x.webp', NULL, NULL, 18),
	(21, 'Đen', 271000, '1648447618f1c25b25980280dec695cc63f52a0bff_thumbnail_900x.webp', '16484476211eac631f80602840670a75234b8c275d_thumbnail_900x.webp', '16484476241b8ecb28a95e6f33eac5009f7e2a3f00_thumbnail_900x.webp', '1648447630a03d62015143fa6956fb0b06bd37ccbe_thumbnail_900x.webp', NULL, 19),
	(22, 'Đen', 255000, '16424063497f48ca6d8d50f73da6e7df403f63059b_thumbnail_900x.webp', '16424063526d855cef800a70fb877ec08025a51b49_thumbnail_900x.webp', '1642406362086abe3e213199dad482cd82b07260dc_thumbnail_900x.webp', '1642406372e5ec27e00c5ce949cc7009d5acee4704_thumbnail_900x.webp', '1642406374382e94fb535cd6bbb028f17674c08712_thumbnail_900x.webp', 20),
	(23, 'Nâu', 391000, '16430760433cda686bd577ab8f2c9f5fc46c967659_thumbnail_900x.webp', '16430760450b293e0955cb9d2466e6dbd218b4d516_thumbnail_900x.webp', '1643076047533f5c3278b3f98dcb05cb13957ebe34_thumbnail_900x.webp', '16430760499c9f171a8d6e0ebeb30cab2f50867f7a_thumbnail_900x.webp', '1643076050c1af21e45cd3138f7390f0ef49bef7f4_thumbnail_900x.webp', 21),
	(24, 'Tím', 213000, '164879459846b4eb5be1c91e20fc611e7322fa349c_thumbnail_900x.webp', '1648794600205e434ae360d8cf7ffcd079e8be66ca_thumbnail_900x.webp', '1648794604ff32ec69155d2ef06f0d061622b64e7e_thumbnail_900x.webp', '1648794603cc32bfaf5e81722d51ee84cfd49b6f8f_thumbnail_900x.webp', '1648794601094ec756a2b98de7cc6ab91ff657677e_thumbnail_900x.webp', 22),
	(25, 'Tím đậm', 211000, '1649832142df458034255ac3a1426bf86d22bc0fa0_thumbnail_900x.webp', '16498321445cd5a91018383a0b30652bce71ba1fec_thumbnail_900x.webp', '16498321467df05c04ab717adc021c8e1d37f807e6_thumbnail_900x.webp', '1649832149482804755548d844f142c855544b5a0c_thumbnail_900x.webp', '164983215107e51a2296e0c4f1af8b3789a69fa53d_thumbnail_900x.webp', 23),
	(26, 'Xanh da trời', 233000, '1649989520d2e196de44874b0f515f5815ac544a82_thumbnail_900x.webp', '164998951779a5bbe7d55303ae0287c30d8eaf3286_thumbnail_900x.webp', '1649989518c464e249d7777b9b51777c72b0c0f99c_thumbnail_900x.webp', '1649989522ee87850e8ef4dd3739201d4ec7d014b3_thumbnail_900x.webp', '16499895242071702ad18f97cd48331510db9bd515_thumbnail_900x.webp', 24),
	(27, 'Vàng', 210000, '164974691582a3b16dbcb7fe2f9f25834c95d5e6ba_thumbnail_900x.webp', '1649746928a0e07cb37bba0bd3869a8b9567587a92_thumbnail_900x.webp', '164974693001ea22e2ba63275989366114ecce8dbf_thumbnail_900x.webp', '1649746932e21db564f230fd6781ea05978421a5da_thumbnail_900x.webp', '1649746934b982b2a810f458c19e770f7ba35b9c1a_thumbnail_900x.webp', 25),
	(28, 'Nâu đỏ', 237000, '1649655014bebc7e0774eb701b00e20fa37e04a8e9_thumbnail_900x.webp', '16496550167cc0e22b89c847f400b64f59190f0d0e_thumbnail_900x.webp', '16496550180157e585d44f8474deb83f4f628d7cb9_thumbnail_900x.webp', '1649655021318f7ddb33032308b8679e966f33f55b_thumbnail_900x.webp', '1649655023279eb718ab3e3f031130ae92b347322e_thumbnail_900x.webp', 26),
	(29, 'Trắng', 287000, '1648726013031fc2911e87ae6e6a480d8172242651_thumbnail_900x.webp', '16487260154f3d494518a1504912c8342802d3a907_thumbnail_900x.webp', '1648726017b8593c6b044047098414b8da1b73dbdc_thumbnail_900x.webp', '1648726018e5717baed0ca53c304debe2b4ffec220_thumbnail_900x.webp', '164872602192ec1f3f4688a1715e99f0dd95d17b33_thumbnail_900x.webp', 27),
	(30, 'Trắng', 278000, '16424066579d4b1a4a4484023a5eb42fc929c08916_thumbnail_900x.webp', '164240665938faf7fc3d32b59de8ffb54563b2725b_thumbnail_900x.webp', '164240666176961e2c188a1c4df0d5d85ad9bf84d9_thumbnail_900x.webp', '1642406662d43d5c29c1103b4598f1c170bb3236d2_thumbnail_900x.webp', '16424066644b66a84ec9154e1b4bf8e51c49c83198_thumbnail_900x.webp', 28),
	(31, 'Vàng xám', 341000, '1642039090fa861747da6e6d7e1e53dcdad093614b_thumbnail_900x.webp', '1642039095d052ebf64f4142fb4e09fe582abd462d_thumbnail_900x.webp', '16420390962a9dda5725b4334aa74d3ce7123339a9_thumbnail_900x.webp', '16420390988f2f0998ea328329ca525e608ad1fd23_thumbnail_900x.webp', '1642039100a5987b41c1090b72e99b9ea3b69d8e3b_thumbnail_900x.webp', 29),
	(32, 'Xanh trời', 357000, '1648866000874a04ae924f7a3cc1306621b2409bb9_thumbnail_900x.webp', '16488659591bdc5f1fff923f3d7f61f2c41aff8f27_thumbnail_900x.webp', '16488660713281ae5a990cb0722bf2b3e26d0283fe_thumbnail_900x.webp', '1648866033cc57d912fc00c750a1b44133a63159db_thumbnail_900x.webp', '164886606870019a15320755130c62cdb1622a73c7_thumbnail_900x.webp', 30),
	(33, 'Vàng nhạt', 265000, '1649986538bb2120f045a81a3f99a1ac3af504ead8_thumbnail_900x.webp', '16499865501f97041094cb560bcec0d0115ad870d1_thumbnail_900x.webp', '1649986570b208ade3210af14160745d4a55009d8b_thumbnail_900x.webp', '16499865751541a470b8532289696805b8ff328267_thumbnail_900x.webp', NULL, 31),
	(34, 'Trắng', 395000, '1649323196bd361d3e3a448128c7f7cf8a30d11e98_thumbnail_900x.webp', '1649323198b70831fa54a305a36d3a5ce07a8d5ccc_thumbnail_900x.webp', '164932320156b917b6bffaec553ab34dfeee057def_thumbnail_900x.webp', '164932320391f77222890392a8cd7eb531389fc814_thumbnail_900x.webp', '1649323206417f700b651c9bc6372b64b3b4f2e476_thumbnail_900x.webp', 32),
	(35, 'Trắng', 135000, '164853236162fa5be6c20f42ea9ec7be5a74e046da_thumbnail_900x.webp', '16485226537970c9eeb352766518a1f0d2d0238c06_thumbnail_900x.webp', '1648532362a968d21ca49b241c1ba8c25edb3fe25c_thumbnail_900x.webp', NULL, NULL, 33),
	(36, 'Be', 138000, '1648522026d49d66304bde090bada6f82b14207859_thumbnail_900x.webp', '1645669357db3a9507f5716327ac1340e8aa78bc2a_thumbnail_900x.webp', '16485220285be2c9893f8f943e566a4ebc1ac78086_thumbnail_900x.webp', NULL, NULL, 33),
	(37, 'Xanh nhạt', 138000, '164852204133c01467872270aabfb8719edad98588_thumbnail_900x.webp', '164852200467ad2105eed96ddcd762b82fc2a55f4f_thumbnail_900x.webp', '16485220438bf09355c66242680c43f32de3d257af_thumbnail_900x.webp', NULL, NULL, 33),
	(38, 'Đen', 137000, '164515438993317affb164c8fdfbec9d1118628afa_thumbnail_900x.webp', '16450921340da6f61e3d8110d550ab54a94adbd955_thumbnail_900x.webp', '1645154392181535cb4f6451df27135fa138920819_thumbnail_900x.webp', NULL, NULL, 33),
	(42, 'Đen', 129000, '16467345859f5ab3e13ee8ae4b372e63052d642b8c_thumbnail_900x.webp', '1646734587d06c1e102cc1aa2bc204209e46491e44_thumbnail_900x.webp', '1646734589e5674189e88547e50643bf39ce660e78_thumbnail_900x.webp', '1646734590675a987be4b358a684faed76ada049a8_thumbnail_900x.webp', NULL, 35),
	(43, 'Đỏ sâu', 129000, '16467347576cb5068b5c7afe6980669ea9bebafbae_thumbnail_900x.webp', '1646734759ff0b93c6eab3588f9498cb439174afd4_thumbnail_900x.webp', '164673476183b9cad054afe44ede7b912205cc9c5e_thumbnail_900x.webp', '1646734763ca62ae1841396047d091e3ca3436910a_thumbnail_900x.webp', NULL, 35),
	(44, 'Xám đen', 129000, '1646734633c37f04357761f501eaa55b64a5965d16_thumbnail_900x.webp', '16467346350924470604347766a235beb30aecb8dd_thumbnail_900x.webp', '164673463763ce60b7f032bd078cbdf4619bb29585_thumbnail_900x.webp', '16467346407be74415816f2cd6e75c613e8742fa34_thumbnail_900x.webp', NULL, 35),
	(45, 'Hồng baby', 136000, '16467348288d4a163004b16f08e7ad521d21a98f84_thumbnail_900x.webp', '16467348301593c80b0acb5f90f447fde7bef75c3b_thumbnail_900x.webp', '164673483102f143173756e1a3362bd8fb3dab27d9_thumbnail_900x.webp', '16467348346ec5e73483b4eddea10c947e9a6be915_thumbnail_900x.webp', NULL, 35),
	(46, 'Đen', 182000, '1561708676620881571_thumbnail_900x1199.webp', '15617086751613454527_thumbnail_900x1199.webp', '15617086751911977827_thumbnail_900x1199.webp', '15617086753322262318_thumbnail_900x1199.webp', '15617086761135052193_thumbnail_900x1199.webp', 36),
	(47, 'Xanh trời', 182000, '16430881307b41bbe5918ea5040f7088c9e08ffb5c_thumbnail_900x.webp', '16421247466e6aa755aee75df7b1c3b20bd94d4afe_thumbnail_900x.webp', '164212475069446442475f7b7ec7456ab577914143_thumbnail_900x.webp', '164212475306244067d6e17f79b078e0dff30dd0dc_thumbnail_900x.webp', '1642124756b369d390c9e23235eb041a828f93fd3b_thumbnail_900x.webp', 37),
	(48, 'Hồng', 274000, '164918162461f20cb8f1ec78a94eb6afdb8869ac12_thumbnail_900x.webp', '16491816264bce286ac2520368f40b1fca6b86e979_thumbnail_900x.webp', '16491816274779f80f393759a890a55a15f1645f2f_thumbnail_900x.webp', '164918162881cecbebb07259aabfb81465e7eb43df_thumbnail_900x.webp', NULL, 38),
	(49, 'Xanh lá', 278000, '1650274524083d5d9a79db8ff46c414e3d3a1362e1_thumbnail_900x.webp', '1650274526e0987f78c5859170b1515315e10fb7e4_thumbnail_900x.webp', '16502745290f8b42f597028116756112efaeff5e79_thumbnail_900x.webp', '1650274531330a2338fd78ff81ab9c77a196082b90_thumbnail_900x.webp', '16502745349dad44e449c384edd7144cf0af1c8142_thumbnail_900x.webp', 39),
	(50, 'Đen', 150000, '164670543625c6b79029d2e8ed0a09908e1b1841a3_thumbnail_900x.webp', '163464202207bdbc9c8d85c9028d95899b3c5f1e64_thumbnail_900x.webp', '164670543804dba17cd2592b6c93a3bbdf9febf96b_thumbnail_900x.webp', '16353053841578f2ce53fea0590a635d8f452bb96b_thumbnail_900x.webp', '16353049002f10fe69f7673ee5c5324f47fcb3332e_thumbnail_900x.webp', 40),
	(51, 'Xanh biển', 201000, '16502464128b69050d080c8cff002915dd21718ac0_thumbnail_900x.webp', '16502464133a8c27a167103f088c5d8ca84587a335_thumbnail_900x.webp', '16502464150dd0c47afe04e0ec81b625e25cbb504e_thumbnail_900x.webp', '1650246417207a39d4d22bbc53bb0ed35a635b8edd_thumbnail_900x.webp', '1650246418e68980516f9f336489bd247e390bbdcf_thumbnail_900x.webp', 41),
	(52, 'Trắng', 215000, '1649308829343dedac17eda39992b6d25e36cbc496_thumbnail_900x.webp', '1649308825555b86f4a2a4685ad1acb6d1eee062f5_thumbnail_900x.webp', '1649308827b7b33f3bf54e64db937d1445949b2091_thumbnail_900x.webp', '16493088314ad1b0d6cfa36691ebad6772dcecd814_thumbnail_900x.webp', '1649308823de44f16ad4ea952f9a209b130ac31b52_thumbnail_900x.webp', 42),
	(55, 'Xám', 497000, '627280efdce2c1636527285cbf8c9de7dedc59b241bb01a98a779a3_thumbnail_900x.webp', '627280efdd48f1636527287ac7d25371c8bdbaf2f2b4f199eb5e416_thumbnail_900x.webp', '627280efdd91b1636527291e04950049717d12d1f61a71359736c69_thumbnail_900x.webp', '627280efdde3e16365272819250e48e87dca996131fbfc48650850c_thumbnail_900x.webp', '627280efdeed41636607288630425494be09e3a9b3c3ff34040a01d_thumbnail_900x.webp', 44),
	(56, 'Be', 343000, '62728a5d07be51636527069c09f9b943991e827b05546c9dd6b3108_thumbnail_900x.webp', '62728a5d08b591636527071b02ded15934bbe7481a7d94b88bb259e_thumbnail_900x.webp', '62728a5d0903c16365270739e60e50130bcbe8fece665124070db27_thumbnail_900x.webp', '62728a5d0964716365270833b846794335f2b571e7525921b056a0c_thumbnail_900x.webp', '62728a5d09b81163652708648c2f38991d37b7216c769c3ba69ddb1_thumbnail_900x.webp', 45),
	(57, 'Trắng Đen', 420000, '62728b238f2771648019467ff7329436b38a6287f1fd1e17c269efb_thumbnail_900x.webp', '62728b238f8901648019455ad048550e08341929a51f3043046dc75_thumbnail_900x.webp', '62728b238fde01648019462a092205a2c9291515def578f3f7f4bc6_thumbnail_900x.webp', '62728b239016016480194513f322f1aa8386f15a6a5223b99838435_thumbnail_900x.webp', '62728b239049a16480194593117ce8cfcd57a1ce0f1979eb6a96cc3_thumbnail_900x.webp', 46),
	(79, 'Đỏ cam', 373000, '62729162152f416508512886f609cbc2323b538755baac77a92a26b_thumbnail_900x.webp', '627291621607016508512967ab4ccdc375acad11eb23891ea9a9498_thumbnail_900x.webp', '62729162169e516508513201b2d0cad84d2696fb6f71bf9a9af5c6a_thumbnail_900x.webp', '6272916217400165085129157b6a88dc63906d312886303faedbdd4_thumbnail_900x.webp', '627291621791b165085129494e92323e4eadcdf8bc33795ef28323d_thumbnail_900x.webp', 47),
	(85, 'Xám', 334000, '1635996842069a094265a3ffff0450594b2430ffaa_thumbnail_900x.webp', '16359968461b4c6bd60781a9a7b4cdaf2f21061fd2_thumbnail_900x.webp', '1635996850b5de0fabc8b9fe6110e0d62b2b039474_thumbnail_900x.webp', '1635996856d99ebf3909c44e3b2ea2f00370b63692_thumbnail_900x.webp', NULL, 5),
	(86, 'Đen', 405000, '62727da5d37951635328428e5b8778498fd991150eeb3e570dddd0a_thumbnail_900x.webp', '62727da5d4f8a1635328439ce48aa47a741a7013297a683e130c05d_thumbnail_900x.webp', '62727da5d5fdc1635328476f1247ced91f61062b6bbbf0eff7ca608_thumbnail_900x.webp', '62727da5d64cd16353284501aef2fd52b47b6112b8efbef09de461c_thumbnail_900x.webp', '62727da5d696e16353284548081c79c4afe466cc0979e2625cf04b5_thumbnail_900x.webp', 43),
	(87, 'Nâu', 397000, '62727da5d6d861650519559b838ec39ef10c7f238660e60ac36e7b3_thumbnail_900x.webp', '62727da5d73bd1650519562ac13a272c8fdccfe8c2058db166d767a_thumbnail_900x.webp', '62727da5d772c1650519567e33a68056711184c86841e5d949fe7cc_thumbnail_900x.webp', '62727da5d7eab16505195701eb579ffe7bf6bca7d09be8f262a533a_thumbnail_900x.webp', '62727da5d9576165051956503101d28f212069074613ed481b6a8d7_thumbnail_900x.webp', 43),
	(97, 'Đen', 74000, '1639722804f5a58357021b5e3ea3cccf23abb1ddda_thumbnail_900x.webp', '16394462649b2e1ad754d92a862d0e47301a182467_thumbnail_900x.webp', '1639446267f95cbc794843401b2e38d2ede75fb1ff_thumbnail_900x.webp', '1639446269c93d91e624754fcbc7fef364f305e108_thumbnail_900x.webp', '163972280606a856647d3abaf9af933ec4dad4516d_thumbnail_900x.webp', 34),
	(98, 'Trắng', 132000, '163972281364523299626bd89672bb8b747292ac53_thumbnail_900x.webp', '16394462760753834240383d361bcfad56a0da7d30_thumbnail_900x.webp', '163944628171a768cf7cfb14d277b1827d27adc113_thumbnail_900x.webp', '16394462848cf290353bb1f09d9d71293d2ff6cb2c_thumbnail_900x.webp', '16397228151cbac3ef43b7be10242ad104c6f35cbe_thumbnail_900x.webp', 34),
	(99, 'Xanh quân đội', 136000, '16417868388f2ce9e60531f2497c13be30f9f89585_thumbnail_900x.webp', '164178685179aad6860923811a282ce119f22bae1e_thumbnail_900x.webp', '1641786861bde5d2936dbada6ea6887e0ba2b91e1f_thumbnail_900x.webp', '16417868811249ca617dd7d39d4ae644cd06686ee6_thumbnail_900x.webp', NULL, 34),
	(101, 'Xanh lá', 382000, '164869274676638ebca8162a9e172750cfb3c0246a_thumbnail_900x.webp', '1648692732991f5bd22aeaee7c7004dccd69730255_thumbnail_900x.webp', '16486927359964303898b7029454b6137a65a62894_thumbnail_900x.webp', '1648692730522a19d24a4e7efb27d54eac6bd17a54_thumbnail_900x.webp', '16486927421992dc51b229dc6710b1ce2395792e68_thumbnail_900x.webp', 14),
	(159, 'Đen', 301000, '628bb81aec63d163460719085a99eb9d94e4d4dfa607c92968c8747_thumbnail_900x.webp', '628bb81aecae61634607185adc613c1d3056723aa696bae5887d665_thumbnail_900x.webp', '628bb81aece1516346071824e9cb11718194f322ee789b6e2fa5098_thumbnail_900x.webp', '628bb81aed0bd163460718042e1e708b91b2af3b6cf37ee2a54f1c8_thumbnail_900x.webp', '628bb81aed29c1634607178057d99a498f759b0257656af45002f71_thumbnail_900x.webp', 77),
	(160, 'Đỏ', 308000, '628bb81aed54b16370404005e0b664234dba677ed30bd8eb3d61b58_thumbnail_900x.webp', '628bb81aed7601637040399f2200d1a77932677bbb7fb4569374a9a_thumbnail_900x.webp', '628bb81aed97016370403987437d33179ffed48aac512d82f8216b2_thumbnail_900x.webp', '628bb81aedbaa1637040396dd7fc38de2fc84aba7f06c5592d45f87_thumbnail_900x.webp', '628bb81aede101637040395d9a84396befb7758b59c7f69350eff09_thumbnail_900x.webp', 77),
	(161, 'Xanh lá', 301000, '628bb81aee00516460413717404463cf3d3dd84eea1c2e3d0f6a07d_thumbnail_900x.webp', '628bb81aee24a16460413696d07424fd6244c5492f9d485b4c2df62_thumbnail_900x.webp', '628bb81aee4e11646041367ee1ba7b4739d7d6a7040b387360cb86d_thumbnail_900x.webp', '628bb81aee6cf164604136538dbb59d84e52d4748ede0eaa1d6ad18_thumbnail_900x.webp', '628bb81aee9a3164604136476378f73f82418e78dafe195a65b763b_thumbnail_900x.webp', 77),
	(162, 'Be', 302000, '628bb81aeee731641349573a8e3f6471665b29f34633a6b6367d9cb_thumbnail_900x.webp', '628bb81aef3711641349571370b015a638a8b06f50ed566ebb6b44c_thumbnail_900x.webp', '628bb81aef69b1641349569b534c72d334847afd6a52ec4cb191b11_thumbnail_900x.webp', '628bb81aef9981641349572fac0078300b95981e7c82a770aee0ff1_thumbnail_900x.webp', '628bb81aefc75164134957486ce13c3f7fe0a51640229f59d1b3188_thumbnail_900x.webp', 77),
	(163, 'Hồng tươi', 303000, '628bb81aeff1416372128879fcfbf70e70573e67689a0674dfd77b6_thumbnail_900x.webp', '628bb81af06001637212882b046e71b13a6ab7a862283154395b353_thumbnail_900x.webp', '628bb81af0b0c16372128845a840dc94705df62ea356fce282425b7_thumbnail_900x.webp', '628bb81af0d2b1637212886181cb53f6a213dfa2dc10bf5a060d641_thumbnail_900x.webp', '628bb81af0f4f163721288997258c249994878c9380948ea8107bef_thumbnail_900x.webp', 77),
	(164, 'Trắng', 561000, '628bb8711486916529431968be611b33e4f7831003de626971c3812_thumbnail_900x.webp', '628bb87114c711652943194f950cd283464f8b4bd4ab915dcb4bc54_thumbnail_900x.webp', '628bb87114f1616529431980a9f7f8f8e59fbff67e49250d4c0aad2_thumbnail_900x.webp', '628bb871151a7165294319302aafd038d45a59d73ef07ba14b863ec_thumbnail_900x.webp', '628bb871154251652943197655ba209580ec2e834f3d47451d8ae23_thumbnail_900x.webp', 78),
	(165, 'Xanh hải quân', 271000, '628bb9c7835921639102297dab98cdc13865e543bd716c2800f5c8b_thumbnail_900x.webp', '628bb9c78390e1639102299f0db272ca79515d04558c227def38f1d_thumbnail_900x.webp', '628bb9c783bf01639102295a676e0557a6551198e3dff29beaedc57_thumbnail_900x.webp', '628bb9c783eb616391022916f1e5e393ab7521aad5f5a5c3a35b299_thumbnail_900x.webp', '628bb9c784116163910229461275e07a73d41c968032d62f3637923_thumbnail_900x.webp', 79),
	(166, 'Nâu Mocha', 261000, '628bb9c7844301626169841f379a738eaed0c37d3f3749b2aedc220_thumbnail_900x.webp', '628bb9c7847ac162616984258b5bb1764a527a2bd9dddc1412d2452_thumbnail_900x.webp', '628bb9c784bc41626169839966f4fac854064d30acdd35dec292e12_thumbnail_900x.webp', '628bb9c7850141626169835e4cdb692c0098c321b870a49f1819f8d_thumbnail_900x.webp', NULL, 79),
	(167, 'Xám', 265000, '628bb9e94cef7161829646144c9d7211f03110e9c593db4480813d7_thumbnail_900x.webp', '628bb9e94d27b161829646454bd05327bb481ac218cbbb7266889a7_thumbnail_900x.webp', '628bb9e94d5bb1618296459c3e87ec1e08d82d42341815ff770b725_thumbnail_900x.webp', '628bb9e94d8da16182964530cb423e806b734fff3580866fa766d96_thumbnail_900x.webp', NULL, 79),
	(168, 'Nâu be', 499000, '628bbb40e630d1653009468c5cbc86c3d3906436034cf5951b228d0_thumbnail_900x.webp', '628bbb40e663c1653009464cc24d2dbc5e04f818fd94730d6662f89_thumbnail_900x.webp', '628bbb40e68b0165300946206d8eab660dea425588d0135ed3e0eef_thumbnail_900x.webp', '628bbb40e6b1d165300946559be0aea29a4350c81d21c1b1724cc59_thumbnail_900x.webp', '628bbb40e6d11165300947077d1a1c3ac64363cacd0cb6290c82cae_thumbnail_900x.webp', 80),
	(169, 'Be', 467000, '628bbc0b6b5061652923684802560f39c6a13a28679afbce6477b0e_thumbnail_900x.webp', '628bbc0b6b936165292367872a441f731fe860e22d7111857fe223d_thumbnail_900x.webp', '628bbc0b6bc48165292368287a8ee7483ac6533d17dacf087f956a6_thumbnail_900x.webp', '628bbc0b6bee31652923676110b0746ee156520f794c9a89439a3ab_thumbnail_900x.webp', '628bbc0b6c0f2165292368016854a610b0d21942b24ebb9d0ba25bb_thumbnail_900x.webp', 81),
	(170, 'Trắng', 199000, '628c4534e30cd16310808445a03d81683ceb2114060e067e985c79a_thumbnail_900x.webp', '628c4534e45601631080847be0a7fcdc5c061d8dadc2f61638d8fca_thumbnail_900x.webp', '628c4534e4cb91631080845400d64bcd7ac4d017f60f696479f331d_thumbnail_900x.webp', '628c4534e55121631080842df786079e720435383a36302dec5d964_thumbnail_900x.webp', '628c4534e5da21631080841464931b362dda9b300aded13da977c80_thumbnail_900x.webp', 82),
	(171, 'Xanh bụi bặm', 250000, '628c464361ef71639965669a08393b7876b8a808db14d10832dab11_thumbnail_900x.webp', '628c464362cca1639965691c875f76c8223e0ae6532aa19415b22a5_thumbnail_900x.webp', '628c46436383a1639965684875802b73e52e6dd02264f35f76a96ad_thumbnail_900x.webp', '628c4643645591639965678cc5c6a812afc66acaa6837762f7bd50b_thumbnail_900x.webp', '628c4643651001639965674ae2c7e55ca170d0f60914af4be859676_thumbnail_900x.webp', 83),
	(172, 'Xanh bạc hà', 255000, '628c464365e4c1647419720c05267da21f352ad3a55a927c42a18cf_thumbnail_900x.webp', '628c464366bcc1647419741cf0b4e24905e22f4656170c789c9a248_thumbnail_900x.webp', '628c46436785116474197375513ad2f0e7fdc3186cb0ab6e6ecb58f_thumbnail_900x.webp', '628c4643687051647419734b1e5169583ca73d1d1b7096b680f153a_thumbnail_900x.webp', '628c46436953616474197302b52788ef0749bd75c3ae33771650e05_thumbnail_900x.webp', 83),
	(173, 'Đen và Trắng', 259000, '628c46436a34516474117687f8969d0192e7fb024739e4a867b7a7d_thumbnail_900x.webp', '628c46436b15116474117811e8c9b32783719fc824206e489a4f4b4_thumbnail_900x.webp', '628c46436bcb51647411778e2e19072c115e46a337481c1fbb4386a_thumbnail_900x.webp', '628c46436c9c616474117759ca0041a545857dbdd3e8270e309dd8c_thumbnail_900x.webp', '628c46436d7191647411771a6d4a3902a76ea7cfa6ce67ad2651185_thumbnail_900x.webp', 83),
	(174, 'Trắng', 374000, '628c46c47f956164421194746f7d8cef1a8d1636cbe405940ad8e11_thumbnail_900x.webp', '628c46c4808241644211945309bf3e4ec660276588e4b5bf0e2fd8c_thumbnail_900x.webp', '628c46c481834164421194475db7d56ddc82178384b65c3bec36e39_thumbnail_900x.webp', '628c46c4822641644211941958fe9773527cf3310c26db3bd40688b_thumbnail_900x.webp', '628c46c482deb1644211943d323cf46dd62ff21e282e3dde4a4b7e7_thumbnail_900x.webp', 84),
	(175, 'Trắng', 301000, '628c4795639be165041375333777eefa284acd4fb457f1ffa0f2f2f_thumbnail_900x.webp', '628c4795642851650413751c60ee4240dc314bf7ad2a8c1ed2d3ba7_thumbnail_900x.webp', '628c479564bf81650413748770fe9b49afbb40eb7290b9638a5eb89_thumbnail_900x.webp', '628c4795653b71650413749c08df4c8877c196dbb3933dda3982b47_thumbnail_900x.webp', '628c479565a9816504137465421d9d52f1283e848c26cd8b615d8e3_thumbnail_900x.webp', 85),
	(176, 'Nâu', 402000, '628c4936cbadb165295458345bd40b1e70b0566b2016e0cf7b3660e_thumbnail_900x.webp', '628c4936cc74b16529545965a4c93fa4bed4e593a4124c47a6a782e_thumbnail_900x.webp', '628c4936cd9fa1652954593b5e99b7b381bc8d98b37250130ab7f03_thumbnail_900x.webp', '628c4936ce79e16529545890b200534b74da0bb1e50cee114911640_thumbnail_900x.webp', '628c4936cf5601652954586752fb91258375fe168da555576de2789_thumbnail_900x.webp', 86),
	(177, 'Hồng phấn', 278000, '628c49994e0f316528781797236195bf1a29c60184f8cea5fb4dd1f_thumbnail_900x.webp', '628c49994ec771652878174806b8b68e44d6ac03d2ba9675c6adff0_thumbnail_900x.webp', '628c49994f7971652878177aa04cd92fe2cbe4afc63e4556ab2c9d9_thumbnail_900x.webp', '628c4999501011652878180919dfea0a0f8c82cafd3a91168b976cc_thumbnail_900x.webp', '628c499950cae1652878183e7fbe6419dd547f5b8d9b534e06bd09d_thumbnail_900x.webp', 87),
	(178, 'Lilac Tím', 340000, '628c4a70699871651026592a68c4561b524c8f88d7bac29056acacc_thumbnail_900x.webp', '628c4a706a78616510265911e490d6884f3a7595504a3a2a2635158_thumbnail_900x.webp', '628c4a706b4981651026588329805a6c01beee2cb11ad18fe318b21_thumbnail_900x.webp', '628c4a706bf1416510265837686c4fff4824c299d217032df89c161_thumbnail_900x.webp', '628c4a706ce4416510265816abed2f765e9cac429aa05706e97b99b_thumbnail_900x.webp', 88),
	(179, 'Vàng', 344000, '628c4a706d9f8164784058780c36a0197550fe166fd68a314e51916_thumbnail_900x.webp', '628c4a706e4101647840585822b35c078cb7881734d7e30b85c63bd_thumbnail_900x.webp', '628c4a706ec9b164784058299168d34bc01287d52975f66239e33fb_thumbnail_900x.webp', '628c4a70701771647840580d4b8618c09e72ecdb6e65eb6bfa9bdd8_thumbnail_900x.webp', '628c4a70712a61647840579ad0c37443883028e159e0d2047783ebd_thumbnail_900x.webp', 88),
	(180, 'Xanh lá', 302000, '628c4a7071bda1642412507882689c974c8ef8d79fdb10ecd4d3964_thumbnail_900x.webp', '628c4a707282d1642412505d79a2053ef48c03292f212e6ed2c603a_thumbnail_900x.webp', '628c4a70734dc16424125021ebc12199795444f5021ea3c38fc34dc_thumbnail_900x.webp', '628c4a7073e2716424125012de9963e4ed41e03c30623f676092d0a_thumbnail_900x.webp', '628c4a70747df164241249971a3e1ae2d1438f3a3ccecf34cf3bc7c_thumbnail_900x.webp', 88),
	(181, 'Xanh nhiệt đới', 255000, '628c4b400a02c16183615778062492fb664734af69aa7f7fb44b4c9_thumbnail_900x.webp', '628c4b400ae521618361573e0f0aab88d8208248aa6d92b1c63bae8_thumbnail_900x.webp', '628c4b400b8b71618361570f3bbf8fd2c37a3bba52589d0f523d4c8_thumbnail_900x.webp', '628c4b400c5301618361567e65910c0e9a15c6be1443d4a859c48c6_thumbnail_900x.webp', '628c4b400d6311618361564f82da8b6c678c23a6579debe881f378d_thumbnail_900x.webp', 89),
	(182, 'Vàng', 349000, '628c4bc52109916528381554cab52070d3c893e2b32aec1b1c5abb3_thumbnail_900x.webp', '628c4bc521a4516528381468a70a4250da656b8e52f393827cf97a0_thumbnail_900x.webp', '628c4bc52228d165283814312b2b667b0ce3b472858a970fadaf1a0_thumbnail_900x.webp', '628c4bc522d8b165283812874b49f3989dbe7afa0f423c6924f9481_thumbnail_900x.webp', '628c4bc52479016528381065a6ea72f5f2484ff1089e54c5ed8ff40_thumbnail_900x.webp', 90),
	(183, 'Xanh lá', 433000, '628c4c039f10e16528368329bbf1ec096d8d5201ef171255f58899b_thumbnail_900x.webp', '628c4c039fbde1652836828093508ac91bd01127f27b03f7b28a264_thumbnail_900x.webp', '628c4c03a04b6165283682624dc56e8a8ec911d036232a5b28aa468_thumbnail_900x.webp', '628c4c03a0fef165283682458dc18554cd1e5d347f2316f4bdadeab_thumbnail_900x.webp', '628c4c03a23da16528368223b283da8a2c0df7a5be722357b95335d_thumbnail_900x.webp', 91),
	(184, 'Vàng hoa', 323000, '628c4c4bf078c1652836874ae585d3b5e070ed999e53c643f6f04b3_thumbnail_900x.webp', '628c4c4bf11531652836872a2d3fe416f5fd203940288f4cab296ac_thumbnail_900x.webp', '628c4c4bf195016528368719d85f9bbc2f9ebf4716a31f31d618c9f_thumbnail_900x.webp', '628c4c4bf1fd9165283686901452d74bc4a26c5fe6bdce774e3aa81_thumbnail_900x.webp', '628c4c4bf245e1652836867b2e1e3eb73795b4194493ee487cb759b_thumbnail_900x.webp', 92),
	(185, 'Trắng hoa', 349000, '628c4cfde7dfc16528417405e8af09aa75ecc122960ea6c875ee028_thumbnail_900x.webp', '628c4cfde93e31652841737cfe4a3ecd4f44126d7f6c4435e65f7f1_thumbnail_900x.webp', '628c4cfdeb03d1652841733def20b336e0d3549aed4e325e0522a5f_thumbnail_900x.webp', '628c4cfdebd6616528417299da21d13390db7b0a8cf2c883e5cb35e_thumbnail_900x.webp', '628c4cfded09216528417253bb32bd01eed7311f423b540fea389fe_thumbnail_900x.webp', 93),
	(186, 'Xanh lá', 361000, '628c4d62c06bb1652923278e1d9a1c4a0ba3211d1d4a63a83017e58_thumbnail_900x.webp', '628c4d62c16a41652923277da060b09c4ffd3758565c79507d04642_thumbnail_900x.webp', '628c4d62c2021165292327573ffe0464b2a36982163e74b6940ce7c_thumbnail_900x.webp', '628c4d62c29271652923273f5ab6a581cd55d807cc4fa494146f27d_thumbnail_900x.webp', '628c4d62c34c41652923272af22f62064c4f497e533aeb2fa2a2d59_thumbnail_900x.webp', 94),
	(187, 'Xanh rêu', 390000, '628c4dd92a3f816528369287c93524f93cd40172cb12936a152ae62_thumbnail_900x.webp', '628c4dd92b7c11652836926a7ad26e5f2ee683c4462d478d2e83eb0_thumbnail_900x.webp', '628c4dd92c7c516528369241a6e229b3d7ae301b4f3fea95be8e5de_thumbnail_900x.webp', '628c4dd92d2d3165283692286917589d39c5b3bb2e6759462ac6445_thumbnail_900x.webp', '628c4dd92e215165283692067e5d25a7068b437fb667153ef5433b1_thumbnail_900x.webp', 95),
	(188, 'Vàng cam', 360000, '628c4e8b8e54c1652411510c4cfa34373e0a13cfc08bdfd804f9691_thumbnail_900x.webp', '628c4e8b8ed251652411513129c92be697d3211462a0acde98d74d8_thumbnail_900x.webp', '628c4e8b8f2e1165241150619111284fe4b79d55cac178ef2e7de90_thumbnail_900x.webp', '628c4e8b8f9ae1652411508fd3fd9a0c62b444e4dbfa15d5d909b6f_thumbnail_900x.webp', '628c4e8b8ff891652411504c50c91bdbe4aeb2e50fbf587cddb24ef_thumbnail_900x.webp', 96),
	(189, 'Nhiệt đới', 341000, '628c4ec982e3b16526874048105d5cf1581733ec2b2019af1f43fa0_thumbnail_900x.webp', '628c4ec98382f165268740235e24b2a7dd13358ad6790ffc30d4154_thumbnail_900x.webp', '628c4ec9841ec16526874002cda37eb1367fec0b76657788b6e764f_thumbnail_900x.webp', '628c4ec984f381652687398d7048eaaca648445f48f419342a9f186_thumbnail_900x.webp', '628c4ec986a8e16526873960f8c624d47b9e07746601796d6cf316e_thumbnail_900x.webp', 97),
	(190, 'Xanh họa tiết', 347000, '628c4f177adac16527527060e7f78d6125865df0a4f34508b6bf5ff_thumbnail_900x.webp', '628c4f177b79a1652752703514fbf59d584518a22138ff4bf695a7c_thumbnail_900x.webp', '628c4f177c05d1652752711c86fdddcd21b765b31f54f455f5263cb_thumbnail_900x.webp', '628c4f177ca3b16527527007e34c24b252a2175e94d5426b9865477_thumbnail_900x.webp', '628c4f177e18c1652752708d51e50d8a85fc70977dfea2b32c25745_thumbnail_900x.webp', 98),
	(191, 'Cam', 459000, '628c4f78a877b1652752607cdeac4e5d8192e7b268c9e6206b08080_thumbnail_900x.webp', '628c4f78a923c1652752606290bda37f7ce3e1c667da6fa5ed92b26_thumbnail_900x.webp', '628c4f78a9b0216527526029dd5bbdfbb4d417cbca21c0e01273d62_thumbnail_900x.webp', '628c4f78aa34d16527526019b740b6d5edf04c8690dc2851574b207_thumbnail_900x.webp', '628c4f78aad4e16527526004dfb46b179d3400e5e9117d65c3b48ba_thumbnail_900x.webp', 99),
	(192, 'Đen', 481000, '628c4fc58ffd01652423739929906717161df056f556d437819114d_thumbnail_900x.webp', '628c4fc590c93165242373512a2c68d3081e67fd0c1316ad66c8517_thumbnail_900x.webp', '628c4fc59199a1652423732459d117d5f549cce22b429fa92b0fcaa_thumbnail_900x.webp', '628c4fc5923341652423730d94e21462a6ce7f11518f539c6cc1afd_thumbnail_900x.webp', '628c4fc592dfa165242372808fa4639349d546e8730bdf6007153ad_thumbnail_900x.webp', 100),
	(193, 'Đen sọc', 290000, '628c500f68eef1652757957fc4dbb8fcc040051373b234ba1ac5938_thumbnail_900x.webp', '628c500f6a0551652757953746221f437c0a3bf36634b75d3cfe51f_thumbnail_900x.webp', '628c500f6ac331652757951d9717cbce65274c167f452d2b06c5a82_thumbnail_900x.webp', '628c500f6bd2e165275794819692e7ab0789a35d0ec9c61e96fd626_thumbnail_900x.webp', '628c500f6f9d816527579453fa5b4f6f43accf897ec42c21519866e_thumbnail_900x.webp', 101),
	(195, 'Trắng', 1583000, '628c8f62544cc16358324926ee41d81a166b1d1124e03f01ad03a9a_thumbnail_900x.webp', '628c8f6254d9716358324886e7519fde3cd2a9070eef7b4a9a3676b_thumbnail_900x.webp', '628c8f6255e8216347001784e947c92743a4da2e8d006fb0b78abe2_thumbnail_900x.webp', '628c8f6256317163470017735cb5b52f8fa7b33917e52d392290d82_thumbnail_900x.webp', '628c8f625666d1634700170d386dde061d9cf54c27eb4d66a5bbb39_thumbnail_900x.webp', 103),
	(196, 'Hồng tím', 1385000, '628c8fe37c4411639115398ecd5e3c0c0b0d4bfc151725365f5616c_thumbnail_900x.webp', '628c8fe37cb071639115394d7120310446739053df46c93a929d06d_thumbnail_900x.webp', '628c8fe37d19216391153920bd512ff2df4d793ec52e739f9cea886_thumbnail_900x.webp', '628c8fe37d608163911539018944932a6fa5d3cf5658aba0935b5f0_thumbnail_900x.webp', '628c8fe37da92163911538866a90942ac47b17b604a3c15a3fb3f63_thumbnail_900x.webp', 104),
	(197, 'Xanh nhạt', 1688000, '628c90d526be8163469951463e5d173ef924e70fac647ec33d972d1_thumbnail_900x.webp', '628c90d5274531634699497ba85531ae3ea2116b84be1d6066c1886_thumbnail_900x.webp', '628c90d527978163469947396974438f0ffb77f8c9b6cf73563d94a_thumbnail_900x.webp', '628c90d5280001634699469c33e266b354a881577c8c3de1f431fb0_thumbnail_900x.webp', '628c90d52871a16346994640c5e1ef49381d0e4c3804d629698a335_thumbnail_900x.webp', 105),
	(198, 'Xanh lá cây đậm', 1643000, '628c90d528b3e1634788820ce51fa06c4594badb1c7df542d920d69_thumbnail_900x.webp', '628c90d528edc16347888183676784c4252b4c4f29375407485f730_thumbnail_900x.webp', '628c90d529384163478882346321a7b098e2a7227f438de0402999a_thumbnail_900x.webp', '628c90d529ae316347888165de9e5509c825103ed7e5be1f20e93d8_thumbnail_900x.webp', '628c90d52a0e5163478881321dea1545a52f4e3ecac7083d2655e0d_thumbnail_900x.webp', 105),
	(199, 'Đen', 1530000, '628c90d52af25163478882332c3fabcc3c5f880e8338f76b652f511_thumbnail_900x.webp', '628c90d52b9ed1634788822f03a66e6997c5fd706f9346e62796be7_thumbnail_900x.webp', '628c90d52be031634788820fee35443c8ca45c6b1831c085e0f45f8_thumbnail_900x.webp', '628c90d52c28f1634788819c0d8f0c1c69ddb083cef0e298d6c1dd0_thumbnail_900x.webp', '628c90d52c6701634788817f5d4d70dd1ff391b92d397fb3b258fc5_thumbnail_900x.webp', 105),
	(200, 'Đỏ', 1699000, '628c90d52ca8416346995267811e62151ba916b564c40216f5b81ee_thumbnail_900x.webp', '628c90d52cd921634699517527c61cd6ce86b9755ca7f58ae343dbf_thumbnail_900x.webp', '628c90d52d1d01634699532f8d385fc6b6d747c68b63940c2ecbead_thumbnail_900x.webp', '628c90d52d4ec1634699491115bbcbc90d3103c8f8c374e7d756d4a_thumbnail_900x.webp', '628c90d52da8616346994755648f7f0badeeafa54b1bb02323c4e6d_thumbnail_900x.webp', 105),
	(201, 'Xanh nhạt', 414000, '628c9239d254d1637218851705e01d85d51f05d83ac03858889958c_thumbnail_900x.webp', '628c9239d29fe16372188475fafd840f192f125ae14a1b5a4a20821_thumbnail_900x.webp', '628c9239d307c163721882877887793bbfdf809ecba4a535045f42e_thumbnail_900x.webp', '628c9239d369b16372188266d84d76d6ab89813fe9d7d115f9e79b5_thumbnail_900x.webp', '628c9239d3c09163721882195fb36938a521c6c2307eb8bc62db440_thumbnail_900x.webp', 106),
	(202, 'Xanh lam', 1730000, '628c92f30289b16376621796ff89a1aaac265bec1272055561c7849_thumbnail_900x.webp', '628c92f302d9e1637662177157b605f946255023f0deb2a76587f38_thumbnail_900x.webp', '628c92f303dd81637662175e4476ff87bdb827ee0bccffd7cd3fb56_thumbnail_900x.webp', '628c92f3043691630981946cbd1ba57462b5c321f354ff0e0ede93a_thumbnail_900x.webp', '628c92f30481e16376621740d6647a53dc51850e455490386a2fbde_thumbnail_900x.webp', 107),
	(203, 'Đen', 1740000, '628c92f304cdb1640828826f46a8977d357029e4a366cc43e8286b1_thumbnail_900x.webp', '628c92f3053e316408288232eb3e838a04fe18ef87f44bcbe2b05a6_thumbnail_900x.webp', '628c92f30577c16408288204b9bd787ee0a78b8b179da0e356a33c6_thumbnail_900x.webp', '628c92f305a9916408288190390d7a4f13a4b769d44833c3397a9b5_thumbnail_900x.webp', '628c92f305e6016408288172d2893bfc2f3871614203c0339964709_thumbnail_900x.webp', 107),
	(204, 'Đỏ', 1800000, '628c92f3066711640829328c7d9eef665e679624db744efc289187e_thumbnail_900x.webp', '628c92f306a4316408293252b7c45fe8c1b04255c0c6225cbdd22af_thumbnail_900x.webp', '628c92f306f6b1640829323a14d0e56134b87d384d2ea2f291f1b3b_thumbnail_900x.webp', '628c92f307d3b163090036782eb5ea623d7a95868054185103e4df1_thumbnail_900x.webp', '628c92f3081fa1640829317f43b9147eddbe78e2c30368dd8dff0bc_thumbnail_900x.webp', 107),
	(205, 'Xanh quân đội', 1760000, '628c92f30862d1637662183f978a4657c3442f404e0a7a5ee0a505b_thumbnail_900x.webp', '628c92f308a901637662180f8d520d8aa2bb96978cc8b8e895dfa94_thumbnail_900x.webp', '628c92f308eb716376621782be810772587d2480f6b4aeac286d616_thumbnail_900x.webp', '628c92f30920b1634031567b2481b8ac938bb98b40c6353b64e509d_thumbnail_900x.webp', '628c92f3096351637662174b6a3e724dbe5098d31954bc910cd3a31_thumbnail_900x.webp', 107),
	(206, 'Xanh quân đội', 2022000, '628c939566bcf163712047492facd2865adbe853335de0a26e83624_thumbnail_900x.webp', '628c93956710b1635756171c444d8bdefaec32a26d382c815ffe85a_thumbnail_900x.webp', '628c9395675bb16357561706d551b6952c2cb85bfa01c291aa113fb_thumbnail_900x.webp', '628c9395679ab1637663323044eef057638003f4ffc337c74d95d6f_thumbnail_900x.webp', '628c939567c8a1635756166f1302d35d25d89d93c3ca0c0b4552a5e_thumbnail_900x.webp', 108),
	(207, 'Đen', 2018000, '628c93956988816357562235559f01a0b7879652d5200dbf8f64171_thumbnail_900x.webp', '628c939569f061635756212ac337b6418e1028568ad8b83801db7b3_thumbnail_900x.webp', '628c93956a3991635756203b64530c0cf52f2b2029e0297dc75f02e_thumbnail_900x.webp', '628c93956a81e16377241240fa3e8eddc0e6648897888c84a17a02f_thumbnail_900x.webp', '628c93956ab441635756197f351959b77068c8615ff06b3d5633c89_thumbnail_900x.webp', 108),
	(208, 'Khaki', 2170000, '628c9461846891635385936f7830d18457aad5ddd94dbbc060be63f_thumbnail_900x.webp', '628c946184b9c1635385934d890d4b2465baf162e6bd4206f37c7cc_thumbnail_900x.webp', '628c946184fb51635385931eca7b2b2086dedb81ad64e5aaeffdf15_thumbnail_900x.webp', '628c9461855b116353859277627b02efcbb817c4bc9784dc800f6b7_thumbnail_900x.webp', '628c946185b2916353859248443b27d6a84391a38de1978edcde142_thumbnail_900x.webp', 109),
	(209, 'Xanh quân đội', 2177000, '628c9461868651635487367e7dc8a094dbfa11f9977228658861f70_thumbnail_900x.webp', '628c946186c5a1635487365abdb4fe2717bab689d9ce69ebf77f407_thumbnail_900x.webp', '628c946186fa116354873639063bd6165ca55e0ec698c66ab927cba_thumbnail_900x.webp', '628c9461875031635487360732f07410a9269283fc4f5f657b9a334_thumbnail_900x.webp', '628c9461879b01635487359e142aefb26723150d28114d5114bad0d_thumbnail_900x.webp', 109),
	(210, 'Xanh bạc hà', 2018000, '628c95021cc5716358325066992b14e0fc2629583ea9d49da4000e6_thumbnail_900x.webp', '628c95021d27d1635832504183651202d8481c6d5895773b8d3e9d7_thumbnail_900x.webp', '628c95021d845163583250259307ad1eacd125ed4989eb9eb7214db_thumbnail_900x.webp', '628c95021dbd41635832500579114b684c98fa64cdddef66a829630_thumbnail_900x.webp', '628c95021def01635832498a8856b22c86fe6aa221ee97bb9ee359d_thumbnail_900x.webp', 110),
	(211, 'Xanh bụi bặm', 2170000, '628c95021e2b316353280847facdf3c07f91c19f74130bee20cff5c_thumbnail_900x.webp', '628c95021e8ce1635328082f5dad59d672d4e20ccbae2c4e2a273f5_thumbnail_900x.webp', '628c95021ec7616353280800cfeefc7d832ac6dd5bff36306d5d2ad_thumbnail_900x.webp', '628c95021f02a16353280781b424a10bc5421ff545567e14ab8862f_thumbnail_900x.webp', '628c95021f6561635328076d7c337f28563e5a63e3910d7782745bb_thumbnail_900x.webp', 110),
	(212, 'Tím bụi bặm', 1987000, '628c950220022163532807690798ed5411cbd8dbdb5dd82a031067d_thumbnail_900x.webp', '628c9502208f616353280741b932ba48788e4ef9c8aee9ce7d5a67b_thumbnail_900x.webp', '628c950221205163532807276f183575602a9253c58113b891f73bf_thumbnail_900x.webp', '628c9502218351635328068152327fa2b5a2bb9df849a9df7f8a95e_thumbnail_900x.webp', '628c950221d331635328065aa0d9da08baf47ffd5ebd98ee163f2cf_thumbnail_900x.webp', 110),
	(213, 'Đen', 1708000, '628c956106dc316336651943d7859c0552ce46ad30f36b417628c2f_thumbnail_900x.webp', '628c9561073dc16336651922e1bd96a464016b94197af2b7a4fc1d0_thumbnail_900x.webp', '628c956107903163366519085dba72b036bfdfdf010bab2b43ab411_thumbnail_900x.webp', '628c956107c761633665189e7a18e14a0cd6e38a60d6ba1ebe44ac2_thumbnail_900x.webp', '628c95610812c1633665187c6db21ab0a0137d5608e8a393745c37d_thumbnail_900x.webp', 111),
	(214, 'Đen', 2011000, '628c95b60220b163816779472522c0132ea1a67dba5d487483fdfbe_thumbnail_900x.webp', '628c95b6027551638167793a4524c50f55636fa84ce8982f7a49ded_thumbnail_900x.webp', '628c95b602b8b1638167791bec2bfc508fe8a060401f4aee5a7d1b9_thumbnail_900x.webp', '628c95b602f9316381677896ce8ead96e38fedbf2d32033fd667943_thumbnail_900x.webp', '628c95b6035ea1638167788478147e30ab37ce4371d8f617867fdd5_thumbnail_900x.webp', 112),
	(215, 'Xanh lam', 2136000, '628c96784e00916306623505f5e9c59dfddd52544f04bbffc5e5736_thumbnail_900x.webp', '628c96784e69616306623481a9191e07bc9dccfcecd3a61ba054a33_thumbnail_900x.webp', '628c96784f0a3163066234579446e4a67a0885af661e332221e36bf_thumbnail_900x.webp', '628c96784f5261630662342d26a0f73d7044810202941b08b4436b9_thumbnail_900x.webp', '628c96784f9291630662316ebb2d5b46575aa5450ff6c9a0e06307c_thumbnail_900x.webp', 113),
	(216, 'Đen', 2260000, '628c96784fe0b1630662381cbc7562791561de55d51f222ee7f20a7_thumbnail_900x.webp', '628c9678501d416306623792c7ba10980b2bf9fb4c2b6bfcd2dd174_thumbnail_900x.webp', '628c967850d271630662377d14cd2ab1a0cfbee303227a7a59565d9_thumbnail_900x.webp', '628c9678510ec16306623742b41743db45dde1abe90dd6cefd60f05_thumbnail_900x.webp', '628c9678514371630662372358169c0d9342aad9d7375cf674a42e1_thumbnail_900x.webp', 113),
	(217, 'Xanh lá', 1373000, '628c9bf1dcfa61626185525c3b57b0f368445042bc98b9a7ae4b682_thumbnail_900x.webp', '628c9bf1ddee21626185527eeac5548a5ee0e4909eeff62bef8e6ed_thumbnail_900x.webp', '628c9bf1de5401626185521c8e7980c9176bd9b71d88832b64e050c_thumbnail_900x.webp', '628c9bf1de97916261855200b9aebb21dcc5c149fc802460073462b_thumbnail_900x.webp', '628c9bf1dee4916261855188e19a0a1e327e69874b2942924e2f058_thumbnail_900x.webp', 114),
	(218, 'Xanh lá cây đậm', 1587000, '628c9c39e56a016256478550d30b9abc9fbd7de48dba4db9f507483_thumbnail_900x.webp', '628c9c39e5b141625647854d0ea84f9317b6e78189748e6c68992bc_thumbnail_900x.webp', '628c9c39e60561625647853ad2e2eb7688f655fec7801212e318a31_thumbnail_900x.webp', '628c9c39e647716256478515b6dd86b3d38195bbd368fc32c6a02f9_thumbnail_900x.webp', NULL, 115),
	(219, 'Trắng', 435000, '628c9c77334551630295055e9892acd796b0bec03cf554408378e5a_thumbnail_900x.webp', '628c9c7733d0116302950536ffbe9428b026d79e254e3fbd272aa1c_thumbnail_900x.webp', '628c9c7734c921630295051c9b73867b738f7d074d28dad8141e200_thumbnail_900x.webp', '628c9c773541f163029504971ce152e34fd581eb95c154d67fde43a_thumbnail_900x.webp', '628c9c773598c163029504749ff54f1945b3962a4fb004988e492d6_thumbnail_900x.webp', 116),
	(220, 'Xanh quân đội', 806000, '628c9cbb451921625553403e9e1cec34f0f79a843df149b933cd478_thumbnail_900x.webp', '628c9cbb4581b1625553401256522e1eaa1dce5f542c954cf388f70_thumbnail_900x.webp', '628c9cbb45cdd16255533991b05424933964f1a2525a2893e6f241e_thumbnail_900x.webp', '628c9cbb462161625553396c59d8b83daa434a6311574ec7cdcb7cf_thumbnail_900x.webp', '628c9cbb467421625553394c2452dab52444b99a0b7f42f5e33d715_thumbnail_900x.webp', 117),
	(221, 'Nâu', 748000, '628c9cfc7520116323601418f76e972be486235032a219953ac62ea_thumbnail_900x.webp', '628c9cfc756ea163236013915d616054a8f08e95ace4f2fec0fbbc0_thumbnail_900x.webp', '628c9cfc75ba71632360136ba67e7e8951f9f484bfdc85c388a3474_thumbnail_900x.webp', '628c9cfc760a81632360133a037c07158aeefe3477390bde61db27c_thumbnail_900x.webp', '628c9cfc7646c16323601308688cc03dd364453e3df25f93d92af99_thumbnail_900x.webp', 118),
	(222, 'Xanh quân đội', 643000, '628c9d2dcd31a1629890619866c3c3334138a2edfa12fb426e03db6_thumbnail_900x.webp', '628c9d2dcd86016298906168746131c7ad86f1b65277ed0d87bac06_thumbnail_900x.webp', '628c9d2dcdc7a1629890613dadc7463751e82c21c54bcdddcaee21f_thumbnail_900x.webp', '628c9d2dcdfdf1629890608c97e71659d87dd6c4e2c7d6efeba325d_thumbnail_900x.webp', '628c9d2dce3ff16298906289fafbec78e4a895c661c69c78904e3a7_thumbnail_900x.webp', 119),
	(223, 'Xanh đen', 1120000, '628c9da7ba1db16298907143082a3b75322e3312f357ab5deed9f04_thumbnail_900x.webp', '628c9da7bb02816298907121408564065b238a12461f0de756ac00f_thumbnail_900x.webp', '628c9da7bb72316298907098f2f7a48ad27443755973932dfc7bdd1_thumbnail_900x.webp', '628c9da7bbc8416298907072019bf16555caa94403f1c57f4a9a9d6_thumbnail_900x.webp', '628c9da7bc000162989070460c01d59a45fc57cd796d6663ff24c5b_thumbnail_900x.webp', 120),
	(224, 'Tím', 634000, '628c9dec6a3c416306458764e834b074d4adc7b5629f454ef4b349a_thumbnail_900x.webp', '628c9dec6aa461630645874f1df265ac1de5879f6fd006df4da5c2b_thumbnail_900x.webp', '628c9dec6ae321630645867a106e812c131d50f0692ed2051a8cfb9_thumbnail_900x.webp', '628c9dec6b1e91630645862e0c3d333e6b552a97f5764545e9d089e_thumbnail_900x.webp', '628c9dec6b9c916306458602ab2e32364cdadb11ba505d49ca08dfe_thumbnail_900x.webp', 121),
	(225, 'Đen', 1170000, '628c9e1ed677b16080227948b99ec50072dcbf89c16e23833d4a6ee_thumbnail_900x.webp', '628c9e1ed6b94160802279272e948d26d613bcf83b8fae3d272babf_thumbnail_900x.webp', '628c9e1ed6f7016080227905a68c85a0430bef5f7f8b78fd4fdbe44_thumbnail_900x.webp', '628c9e1ed72d7160802278883150d07e567fa59dbba4f4a3dab349c_thumbnail_900x.webp', NULL, 122),
	(226, 'Tím', 597000, '628c9ea66333a16050761979e9c32e94ce036f4e2bf099e831ab24b_thumbnail_900x.webp', '628c9ea66453e160507619474200da3a7ed0411df837b029a489cf0_thumbnail_900x.webp', '628c9ea6649c71605076192424a5d8016fc1288a6adf3c8944cf608_thumbnail_900x.webp', '628c9ea664e7a1605076189598a8bde4987f2b0aa720704dc2f7ed5_thumbnail_900x.webp', '628c9ea66531f16050761876237e39c5f6949a6d3763582da3aa302_thumbnail_900x.webp', 123),
	(227, 'Xanh nhạt', 597000, '628c9ee6ec5ca1605076204fc2e62297619765c16f255d37e9af3d4_thumbnail_900x.webp', '628c9ee6ee51d16050762012c9b0d8630f39901c8276b11595f30a3_thumbnail_900x.webp', '628c9ee6eeba3160507619979c68d8fdbc5ea17800abbcf8e788cb6_thumbnail_900x.webp', '628c9ee6ef02e1605076196028ad50505dc52b2d06879121bd782a8_thumbnail_900x.webp', '628c9ee6ef3b11605076194987aa1592e1eeb418b877765d6bfbe06_thumbnail_900x.webp', 124),
	(228, 'Đen', 760000, '628c9f1b27d1916006716612dcd8ca67d82f87011190dd369092cb9_thumbnail_900x.webp', '628c9f1b283df16006716591aad04d05b5c660cc8624ebe8e61c2af_thumbnail_900x.webp', '628c9f1b287da1600671657c1f1a011268630e01e1451b34f70a88b_thumbnail_900x.webp', '628c9f1b28ad216006716555e39bcae72669e1c5bc7e8686262e075_thumbnail_900x.webp', NULL, 125),
	(229, 'Tím', 457000, '628c9f50b266f1633785815b41fa3a94f163ec2442f6aeae56dc092_thumbnail_900x.webp', '628c9f50b368716337858114a5702e127975d8d485182d13bac9d49_thumbnail_900x.webp', '628c9f50b3e611633785808735c55a5d9a7f6fd48bdfad8c6d52a77_thumbnail_900x.webp', '628c9f50b42f51633785804d038bc1d53ad89a299372f4f64bc2f2d_thumbnail_900x.webp', '628c9f50b468316337857997bfc669650fc430471984db5ae156c0b_thumbnail_900x.webp', 126),
	(230, 'Vàng', 567000, '628c9fa9b3bd9163411771840a9d6e101c374532883a3f164d83775_thumbnail_900x.webp', '628c9fa9b40d7163411771519cdc576ceab4aaa79c368951cfe9392_thumbnail_900x.webp', '628c9fa9b469d16341177144ccd67c0eec5dbb9291c932be31aa1fe_thumbnail_900x.webp', '628c9fa9b4a671634117712792c0f784ec07c866fa00b14394abeea_thumbnail_900x.webp', '628c9fa9b4db916341177082107492d1be31e65e3d9ce82deb26ef4_thumbnail_900x.webp', 127),
	(231, 'Trắng', 678000, '628c9fea921f41630647034acbfa889dd50948ace1bdd49fa7f6a79_thumbnail_900x.webp', '628c9fea9263c1630647032d36e3e0c5d9c3f1b4eea7497eef2b8b9_thumbnail_900x.webp', '628c9fea92a221630647030e73581e26da2d487151c9c01d9852cf1_thumbnail_900x.webp', '628c9fea92e121630647029439ec9f2d1da382c526a0b2d96a6fb7c_thumbnail_900x.webp', '628c9fea931081630647028c6cbb76b2d5db3ad292d233611d95eda_thumbnail_900x.webp', 128),
	(232, 'Hồng', 980000, '628ca026263cd1634804407a0610a8135f74f8f31fdbbbe8b860d14_thumbnail_900x.webp', '628ca02626c4a1634804404b47d5f12af1959b3bbdc83f9dbce61b2_thumbnail_900x.webp', '628ca026272a01634804402120fb2058cafbaa48e99446fbb8a85e5_thumbnail_900x.webp', '628ca026280021634804398f71921ecab1c97088b990e5e869413c5_thumbnail_900x.webp', '628ca026285ad1634804393b237f124989e6e9f7fec72fd58fe3fb2_thumbnail_900x.webp', 129),
	(233, 'Tím', 765000, '628ca05c2cd6d163617885161c662d364037820e3891c8ccbd9de9e_thumbnail_900x.webp', '628ca05c2d4c516361788548ed5d50974c92108c75d78455672619e_thumbnail_900x.webp', '628ca05c2da661636178864c811dd305932612df671c16cd6906954_thumbnail_900x.webp', '628ca05c2de221636178860924f1104b1cec68acde3e6ca1ba362ba_thumbnail_900x.webp', '628ca05c2e2331636178857d468f3a10c0315873048ac46633801e6_thumbnail_900x.webp', 130),
	(234, 'Đen', 456000, '628ca093a757b1630036633a9202fa88cbd025ba729646a0da119b8_thumbnail_900x.webp', '628ca093a7cde16300366311e350133d5cfeba922ed11ff9d0ec351_thumbnail_900x.webp', '628ca093a84a71630036629aedb71a99105ade6d07fa94be900914b_thumbnail_900x.webp', '628ca093a897c1630036627a1e899e6289205932f576d659fc5fad0_thumbnail_900x.webp', '628ca093a8d851630036624bc1d018e7e95ece3afd5023ca395c1a5_thumbnail_900x.webp', 131),
	(235, 'Xanh lam', 1049000, '628ca102d979c1636449811bc7c909e6f97c3e066fe3717da6d50ae_thumbnail_900x.webp', '628ca102da86e1636449810dee010f2fb41eae04e8ebc5bc7d0c882_thumbnail_900x.webp', '628ca102daeee1636449808591e043135e82f19a33476189cd8800e_thumbnail_900x.webp', '628ca102db3901636449807882a59a67f6bb2e077b22ab8416582ea_thumbnail_900x.webp', '628ca102db8441636449804c77f6409653c1b9edb8bfa2607877148_thumbnail_900x.webp', 132);

-- Dumping structure for table shop.customer
CREATE TABLE IF NOT EXISTS `customer` (
  `customer_id` int NOT NULL AUTO_INCREMENT COMMENT 'Mã admin',
  `customer_email` varchar(255) CHARACTER SET utf8mb4 COLLATE utf8mb4_unicode_ci NOT NULL COMMENT 'Email',
  `customer_password` varchar(255) CHARACTER SET utf8mb4 COLLATE utf8mb4_unicode_ci NOT NULL COMMENT 'Mật khẩu',
  `customer_name` varchar(255) CHARACTER SET utf8mb3 COLLATE utf8mb3_general_ci NOT NULL COMMENT 'Vai trò',
  `gender` tinyint(1) DEFAULT NULL COMMENT 'Giới tinh',
  `birthdate` datetime DEFAULT NULL COMMENT 'Ngày sinh',
  `customer_phone` varchar(15) CHARACTER SET utf8mb4 COLLATE utf8mb4_unicode_ci DEFAULT NULL COMMENT 'Số điện thoại',
  `customer_address` varchar(250) CHARACTER SET utf8mb3 COLLATE utf8mb3_general_ci DEFAULT NULL COMMENT 'Địa chỉ',
  `image` varchar(255) CHARACTER SET utf8mb4 COLLATE utf8mb4_unicode_ci DEFAULT NULL,
  `remember_token` varchar(100) CHARACTER SET utf8mb4 COLLATE utf8mb4_unicode_ci DEFAULT NULL,
  `updated_at` timestamp NULL DEFAULT NULL,
  `created_at` timestamp NULL DEFAULT NULL,
  PRIMARY KEY (`customer_id`),
  UNIQUE KEY `customer_email` (`customer_email`)
) ENGINE=InnoDB AUTO_INCREMENT=4 DEFAULT CHARSET=utf8mb4 COLLATE=utf8mb4_unicode_ci;

-- Dumping data for table shop.customer: ~3 rows (approximately)
INSERT INTO `customer` (`customer_id`, `customer_email`, `customer_password`, `customer_name`, `gender`, `birthdate`, `customer_phone`, `customer_address`, `image`, `remember_token`, `updated_at`, `created_at`) VALUES
	(1, 'nam278z01@gmail.com', '$2y$10$fLic40Gm3i3Uv68l7/iIiew6/TWs4oRCcm2viTV7GX8SDpwGcXAUu', 'Nguyễn Nam', NULL, NULL, '0328731170', 'Đại Từ - Đại Đồng - Văn Lâm - Hưng Yên', 'avatar04.png', NULL, '2022-05-08 07:15:52', '2022-05-08 07:15:52'),
	(2, 'maihoangthaibao01@gmail.com', '$2y$10$Mi2p30gMxYOp/86IoE35r.vsMykRShbEXOi5CD5Vsfh9nBoN17R2y', 'Mai Hoàng Thái Bảo', NULL, NULL, NULL, NULL, 'avatar5.png', NULL, '2022-05-09 08:09:54', '2022-05-09 08:09:54'),
	(3, 'binhanvio@gmail.com', '$2y$10$Wu8LXqZmSjCl1E4/wYY91eIcW2WZ9QGg6tM5ymBKt0Odx..LlOO1i', 'Thái Bình An', NULL, NULL, NULL, NULL, 'avatar04.png', NULL, '2022-05-09 08:14:16', '2022-05-09 08:14:16');

-- Dumping structure for table shop.orderdetails
CREATE TABLE IF NOT EXISTS `orderdetails` (
  `orderdetail_id` int NOT NULL AUTO_INCREMENT COMMENT 'Mã chi tiết đơn hàng',
  `product_discount` tinyint NOT NULL DEFAULT '0' COMMENT 'Giảm giá (%)',
  `product_quantity` int NOT NULL COMMENT 'Số lượng sản phẩm',
  `price` double NOT NULL COMMENT 'Giá (x1)',
  `size_id` int NOT NULL COMMENT 'Mã size',
  `order_id` int NOT NULL COMMENT 'Mã đơn hàng',
  PRIMARY KEY (`orderdetail_id`) USING BTREE,
  KEY `order_id` (`order_id`),
  KEY `size_id` (`size_id`),
  CONSTRAINT `orderdetails_ibfk_1` FOREIGN KEY (`order_id`) REFERENCES `orders` (`order_id`) ON DELETE CASCADE,
  CONSTRAINT `orderdetails_ibfk_2` FOREIGN KEY (`size_id`) REFERENCES `size` (`size_id`)
) ENGINE=InnoDB AUTO_INCREMENT=72 DEFAULT CHARSET=utf8mb4 COLLATE=utf8mb4_unicode_ci;

-- Dumping data for table shop.orderdetails: ~47 rows (approximately)
INSERT INTO `orderdetails` (`orderdetail_id`, `product_discount`, `product_quantity`, `price`, `size_id`, `order_id`) VALUES
	(1, 0, 1, 135000, 112, 1),
	(2, 0, 2, 420000, 193, 3),
	(3, 50, 1, 373000, 242, 3),
	(10, 0, 1, 497000, 186, 7),
	(11, 0, 1, 343000, 190, 7),
	(29, 0, 1, 215000, 61, 39),
	(30, 50, 1, 373000, 244, 39),
	(31, 0, 1, 136000, 155, 40),
	(32, 0, 1, 343000, 190, 41),
	(33, 0, 1, 135000, 115, 42),
	(34, 0, 1, 343000, 191, 42),
	(35, 0, 1, 420000, 195, 43),
	(36, 0, 1, 420000, 196, 43),
	(37, 50, 1, 373000, 242, 43),
	(38, 0, 1, 420000, 194, 44),
	(39, 0, 1, 497000, 186, 45),
	(40, 0, 1, 420000, 194, 45),
	(41, 0, 1, 420000, 193, 48),
	(42, 0, 2, 420000, 193, 49),
	(43, 0, 7, 135000, 112, 51),
	(44, 0, 1, 343000, 189, 52),
	(45, 0, 1, 420000, 194, 53),
	(46, 0, 1, 420000, 196, 54),
	(47, 0, 3, 420000, 195, 55),
	(48, 50, 1, 373000, 245, 56),
	(49, 0, 2, 135000, 112, 57),
	(50, 0, 1, 420000, 194, 57),
	(51, 0, 10, 135000, 115, 58),
	(52, 0, 1, 135000, 115, 59),
	(54, 0, 2, 210000, 86, 61),
	(55, 0, 2, 135000, 112, 61),
	(56, 0, 1, 459000, 465, 62),
	(57, 0, 1, 459000, 467, 62),
	(58, 0, 1, 481000, 469, 62),
	(59, 0, 1, 290000, 474, 62),
	(60, 0, 3, 308000, 356, 63),
	(61, 0, 1, 271000, 377, 63),
	(62, 0, 1, 265000, 386, 63),
	(63, 0, 1, 250000, 398, 63),
	(64, 0, 8, 259000, 407, 63),
	(65, 0, 1, 301000, 350, 64),
	(66, 0, 1, 265000, 387, 64),
	(67, 0, 1, 265000, 388, 64),
	(68, 0, 3, 271000, 377, 65),
	(69, 0, 2, 1688000, 488, 65),
	(70, 0, 2, 265000, 388, 66),
	(71, 0, 1, 271000, 378, 67);

-- Dumping structure for table shop.orders
CREATE TABLE IF NOT EXISTS `orders` (
  `order_id` int NOT NULL AUTO_INCREMENT COMMENT 'Mã đơn hàng',
  `order_date` datetime NOT NULL DEFAULT CURRENT_TIMESTAMP COMMENT 'Ngày đặt hàng',
  `customer_name` varchar(100) CHARACTER SET utf8mb3 COLLATE utf8mb3_general_ci NOT NULL COMMENT 'Tên khách hàng',
  `customer_address` varchar(250) CHARACTER SET utf8mb3 COLLATE utf8mb3_general_ci NOT NULL COMMENT 'Địa chỉ',
  `customer_phone` varchar(15) CHARACTER SET utf8mb4 COLLATE utf8mb4_unicode_ci NOT NULL COMMENT 'Số điện thoại',
  `note` varchar(200) CHARACTER SET utf8mb3 COLLATE utf8mb3_general_ci DEFAULT NULL COMMENT 'Ghi chú',
  `delivery_cost` double NOT NULL DEFAULT '0' COMMENT 'Phí vận chuyển',
  `total` double NOT NULL COMMENT 'Thành tiền',
  `customer_id` int NOT NULL COMMENT 'Mã khách hàng',
  PRIMARY KEY (`order_id`),
  KEY `customer_id` (`customer_id`),
  CONSTRAINT `orders_ibfk_1` FOREIGN KEY (`customer_id`) REFERENCES `customer` (`customer_id`)
) ENGINE=InnoDB AUTO_INCREMENT=68 DEFAULT CHARSET=utf8mb4 COLLATE=utf8mb4_unicode_ci;

-- Dumping data for table shop.orders: ~28 rows (approximately)
INSERT INTO `orders` (`order_id`, `order_date`, `customer_name`, `customer_address`, `customer_phone`, `note`, `delivery_cost`, `total`, `customer_id`) VALUES
	(1, '2022-05-09 20:36:00', 'Nguyễn Nam', 'Đại Từ - Đại Đồng - Văn Lâm - Hưng Yên', '0328731170', NULL, 0, 135000, 1),
	(3, '2022-05-09 23:06:14', 'Nguyễn Nam', 'Đại Từ - Đại Đồng - Văn Lâm - Hưng Yên', '0328731170', NULL, 0, 1026500, 1),
	(7, '2022-05-09 23:30:10', 'Nguyễn Nam', 'Đại Từ - Đại Đồng - Văn Lâm - Hưng Yên', '0328731170', NULL, 0, 840000, 1),
	(39, '2022-05-14 21:00:29', 'Nguyễn Nam', 'Đại Từ - Đại Đồng - Văn Lâm - Hưng Yên', '0328731170', NULL, 0, 401500, 1),
	(40, '2022-05-15 15:08:35', 'Nguyễn Nam', 'Đại Từ - Đại Đồng - Văn Lâm - Hưng Yên', '0328731170', NULL, 0, 136000, 1),
	(41, '2022-05-15 15:34:43', 'Nguyễn Nam', 'Đại Từ - Đại Đồng - Văn Lâm - Hưng Yên', '0328731170', NULL, 0, 343000, 1),
	(42, '2022-05-15 16:51:48', 'Nguyễn Nam', 'Đại Từ - Đại Đồng - Văn Lâm - Hưng Yên', '0328731170', NULL, 0, 478000, 1),
	(43, '2022-05-18 22:09:09', 'Nguyễn Nam', 'Đại Từ - Đại Đồng - Văn Lâm - Hưng Yên', '0328731170', NULL, 0, 1026500, 1),
	(44, '2022-05-19 22:13:51', 'Nguyễn Nam', 'Đại Từ - Đại Đồng - Văn Lâm - Hưng Yên', '0328731170', NULL, 0, 420000, 1),
	(45, '2022-05-21 14:43:50', 'Nguyễn Nam', 'Đại Từ - Đại Đồng - Văn Lâm - Hưng Yên', '0328731170', NULL, 0, 917000, 1),
	(48, '2022-05-21 16:06:48', 'Nguyễn Nam', 'Đại Từ - Đại Đồng - Văn Lâm - Hưng Yên', '0328731170', NULL, 0, 420000, 1),
	(49, '2022-05-21 16:07:34', 'Nguyễn Nam', 'Đại Từ - Đại Đồng - Văn Lâm - Hưng Yên', '0328731170', NULL, 0, 840000, 1),
	(51, '2022-05-21 16:11:50', 'Nguyễn Nam', 'Đại Từ - Đại Đồng - Văn Lâm - Hưng Yên', '0328731170', NULL, 0, 945000, 1),
	(52, '2022-05-21 16:13:18', 'Nguyễn Nam', 'Đại Từ - Đại Đồng - Văn Lâm - Hưng Yên', '0328731170', NULL, 0, 343000, 1),
	(53, '2022-05-21 16:15:13', 'Nguyễn Nam', 'Đại Từ - Đại Đồng - Văn Lâm - Hưng Yên', '0328731170', NULL, 0, 420000, 1),
	(54, '2022-05-21 16:18:29', 'Nguyễn Nam', 'Đại Từ - Đại Đồng - Văn Lâm - Hưng Yên', '0328731170', NULL, 0, 420000, 1),
	(55, '2022-05-21 17:13:09', 'Nguyễn Nam', 'Đại Từ - Đại Đồng - Văn Lâm - Hưng Yên', '0328731170', NULL, 0, 1260000, 1),
	(56, '2022-05-21 17:26:40', 'Nguyễn Nam', 'Đại Từ - Đại Đồng - Văn Lâm - Hưng Yên', '0328731170', NULL, 0, 186500, 1),
	(57, '2022-05-21 22:01:29', 'Nguyễn Nam', 'Đại Từ - Đại Đồng - Văn Lâm - Hưng Yên', '0328731170', NULL, 0, 690000, 1),
	(58, '2022-05-21 22:33:54', 'Nguyễn Nam', 'Đại Từ - Đại Đồng - Văn Lâm - Hưng Yên', '0328731170', NULL, 0, 1350000, 1),
	(59, '2022-05-21 22:38:38', 'Nguyễn Nam', 'Đại Từ - Đại Đồng - Văn Lâm - Hưng Yên', '0328731170', NULL, 0, 135000, 1),
	(61, '2022-05-23 00:36:01', 'Nguyễn Nam', 'Đại Từ - Đại Đồng - Văn Lâm - Hưng Yên', '0328731170', NULL, 0, 690000, 1),
	(62, '2022-05-24 13:50:57', 'Nguyễn Nam', 'Đại Từ - Đại Đồng - Văn Lâm - Hưng Yên', '0328731170', NULL, 0, 1689000, 1),
	(63, '2022-05-26 20:19:30', 'Nguyễn Nam', 'Đại Từ - Đại Đồng - Văn Lâm - Hưng Yên', '0328731170', NULL, 0, 3782000, 1),
	(64, '2022-05-27 20:33:28', 'Nguyễn Nam', 'Đại Từ - Đại Đồng - Văn Lâm - Hưng Yên', '0328731170', NULL, 0, 831000, 1),
	(65, '2022-06-06 20:22:26', 'Nguyễn Nam', 'Đại Từ - Đại Đồng - Văn Lâm - Hưng Yên', '0328731170', NULL, 0, 4189000, 1),
	(66, '2022-06-06 23:48:59', 'Nguyễn Nam', 'Đại Từ - Đại Đồng - Văn Lâm - Hưng Yên', '0328731170', NULL, 0, 530000, 1),
	(67, '2022-06-09 20:01:35', 'Nguyễn Nam', 'Đại Từ - Đại Đồng - Văn Lâm - Hưng Yên', '0328731170', NULL, 0, 271000, 1);

-- Dumping structure for table shop.orderstate
CREATE TABLE IF NOT EXISTS `orderstate` (
  `orderstate_id` int NOT NULL AUTO_INCREMENT COMMENT 'Mã trạng thái đơn hàng',
  `orderstate_name` tinyint NOT NULL DEFAULT '0' COMMENT 'Tên trạng thái (0:Đơn hàng đã đặt; 1:Đã xác nhận thông tin thanh toán; 2: Đã giao cho ĐVVC; 3: Đơn hàng đã nhận; 4: Đơn hàng đã giao; 5: Đơn hàng đổi/trả)',
  `orderstate_date` datetime NOT NULL DEFAULT CURRENT_TIMESTAMP COMMENT 'Thời gian',
  `order_id` int NOT NULL COMMENT 'Mã đơn hàng',
  PRIMARY KEY (`orderstate_id`),
  KEY `order_id` (`order_id`),
  CONSTRAINT `orderstate_ibfk_1` FOREIGN KEY (`order_id`) REFERENCES `orders` (`order_id`) ON DELETE CASCADE
) ENGINE=InnoDB AUTO_INCREMENT=111 DEFAULT CHARSET=utf8mb4 COLLATE=utf8mb4_unicode_ci;

-- Dumping data for table shop.orderstate: ~66 rows (approximately)
INSERT INTO `orderstate` (`orderstate_id`, `orderstate_name`, `orderstate_date`, `order_id`) VALUES
	(1, 0, '2022-05-09 20:37:33', 1),
	(2, 1, '2022-05-09 20:49:49', 1),
	(4, 0, '2022-05-09 23:06:14', 3),
	(8, 0, '2022-05-09 23:30:10', 7),
	(40, 1, '2022-05-14 20:58:21', 3),
	(41, 2, '2022-05-14 20:58:35', 3),
	(42, 3, '2022-05-14 20:58:46', 7),
	(43, 0, '2022-05-14 21:00:29', 39),
	(44, 0, '2022-05-15 15:08:35', 40),
	(45, 0, '2022-05-15 15:34:43', 41),
	(46, 0, '2022-05-15 16:51:48', 42),
	(51, 1, '2022-05-18 16:44:48', 42),
	(52, 3, '2022-05-18 16:45:36', 42),
	(53, 1, '2022-05-18 16:46:03', 41),
	(54, 1, '2022-05-18 16:47:15', 40),
	(55, 1, '2022-05-18 16:51:43', 39),
	(56, 2, '2022-05-18 16:56:35', 39),
	(57, 4, '2022-05-18 16:56:57', 39),
	(58, 2, '2022-05-18 16:58:52', 41),
	(59, 2, '2022-05-18 16:59:47', 40),
	(60, 4, '2022-05-18 21:33:27', 41),
	(61, 0, '2022-05-18 22:09:09', 43),
	(62, 1, '2022-05-19 19:09:17', 43),
	(63, 2, '2022-05-19 19:09:21', 43),
	(64, 0, '2022-05-19 22:13:51', 44),
	(65, 0, '2022-05-21 14:43:50', 45),
	(68, 0, '2022-05-21 16:06:48', 48),
	(69, 0, '2022-05-21 16:07:34', 49),
	(71, 0, '2022-05-21 16:11:50', 51),
	(72, 0, '2022-05-21 16:13:18', 52),
	(73, 0, '2022-05-21 16:15:13', 53),
	(74, 0, '2022-05-21 16:18:29', 54),
	(75, 0, '2022-05-21 17:13:09', 55),
	(76, 0, '2022-05-21 17:26:40', 56),
	(77, 1, '2022-05-21 17:32:14', 56),
	(78, 3, '2022-05-21 17:32:27', 56),
	(80, 4, '2022-05-21 21:59:40', 40),
	(81, 3, '2022-05-21 22:00:10', 54),
	(82, 0, '2022-05-21 22:01:29', 57),
	(83, 3, '2022-05-21 22:01:35', 57),
	(84, 0, '2022-05-21 22:33:54', 58),
	(85, 3, '2022-05-21 22:34:12', 58),
	(86, 0, '2022-05-21 22:38:38', 59),
	(88, 1, '2022-05-22 23:14:24', 59),
	(89, 1, '2022-05-22 23:14:44', 55),
	(90, 0, '2022-05-23 00:36:01', 61),
	(91, 3, '2022-05-24 13:50:23', 61),
	(92, 0, '2022-05-24 13:50:57', 62),
	(93, 1, '2022-05-24 14:01:09', 62),
	(94, 2, '2022-05-25 21:30:48', 62),
	(95, 0, '2022-05-26 20:19:30', 63),
	(96, 1, '2022-05-26 20:20:46', 63),
	(97, 0, '2022-05-27 20:33:28', 64),
	(98, 3, '2022-05-28 19:07:24', 64),
	(99, 2, '2022-05-28 23:27:09', 59),
	(100, 2, '2022-05-28 23:27:54', 63),
	(101, 0, '2022-06-06 20:22:26', 65),
	(102, 3, '2022-06-06 20:23:27', 65),
	(103, 4, '2022-06-06 20:23:36', 63),
	(104, 0, '2022-06-06 23:48:59', 66),
	(105, 1, '2022-06-09 20:01:07', 66),
	(106, 0, '2022-06-09 20:01:35', 67),
	(107, 4, '2022-06-09 22:36:18', 62),
	(108, 1, '2022-06-10 10:22:46', 67),
	(109, 2, '2022-06-10 10:22:49', 67),
	(110, 4, '2022-06-10 10:22:55', 67);

-- Dumping structure for table shop.personal_access_tokens
CREATE TABLE IF NOT EXISTS `personal_access_tokens` (
  `id` bigint unsigned NOT NULL AUTO_INCREMENT,
  `tokenable_type` varchar(255) CHARACTER SET utf8mb4 COLLATE utf8mb4_unicode_ci NOT NULL,
  `tokenable_id` bigint unsigned NOT NULL,
  `name` varchar(255) CHARACTER SET utf8mb4 COLLATE utf8mb4_unicode_ci NOT NULL,
  `token` varchar(64) CHARACTER SET utf8mb4 COLLATE utf8mb4_unicode_ci NOT NULL,
  `abilities` text CHARACTER SET utf8mb4 COLLATE utf8mb4_unicode_ci,
  `last_used_at` timestamp NULL DEFAULT NULL,
  `created_at` timestamp NULL DEFAULT NULL,
  `updated_at` timestamp NULL DEFAULT NULL,
  PRIMARY KEY (`id`),
  UNIQUE KEY `personal_access_tokens_token_unique` (`token`),
  KEY `personal_access_tokens_tokenable_type_tokenable_id_index` (`tokenable_type`,`tokenable_id`)
) ENGINE=InnoDB AUTO_INCREMENT=101 DEFAULT CHARSET=utf8mb4 COLLATE=utf8mb4_unicode_ci;

-- Dumping data for table shop.personal_access_tokens: ~14 rows (approximately)
INSERT INTO `personal_access_tokens` (`id`, `tokenable_type`, `tokenable_id`, `name`, `token`, `abilities`, `last_used_at`, `created_at`, `updated_at`) VALUES
	(58, 'App\\Models\\Admin', 1, 'authTokenAdmin', '929ef2996d09231b2a7258c4a24a2fcfcbf30c83811cb56a201b7bf0f55ce25c', '["admin"]', '2022-05-14 06:01:52', '2022-05-13 09:27:35', '2022-05-14 06:01:52'),
	(71, 'App\\Models\\Customer', 3, 'authTokenCustomer', '7b5a26f790d9f50a38ecb532ea0d4d0a60f4a7d7d84a2890f3e6df30ae2af94f', '["customer"]', '2022-05-21 08:38:43', '2022-05-21 08:32:01', '2022-05-21 08:38:43'),
	(81, 'App\\Models\\Customer', 1, 'authTokenCustomer', 'd81b946ce5fb472c24f4971461ea5038404e30e924aaebd30719e61b65d14357', '["customer"]', '2022-06-08 07:46:13', '2022-05-25 07:29:02', '2022-06-08 07:46:13'),
	(83, 'App\\Models\\Admin', 1, 'authTokenAdmin', 'c8a8a884c2a8681cc6057dc191631518b9d6dd38ba5adb59b9bd91c3b9597e5d', '["admin"]', '2022-06-08 09:38:41', '2022-05-27 04:00:20', '2022-06-08 09:38:41'),
	(84, 'App\\Models\\Admin', 1, 'authTokenAdmin', '285ff8bae66d85eee7ef5062d1d311749733b4aa223fa18b7c5746c03466dafe', '["admin"]', '2022-06-09 08:59:20', '2022-06-09 05:47:05', '2022-06-09 08:59:20'),
	(85, 'App\\Models\\Customer', 1, 'authTokenCustomer', '18418c2eab571acf2d4a15027590097968e7af4b566f08f757e695b69b44febd', '["customer"]', '2022-07-09 03:00:03', '2022-06-09 05:47:17', '2022-07-09 03:00:03'),
	(86, 'App\\Models\\Admin', 1, 'authTokenAdmin', '1e95ba9d62ecaa32764fd4c705fb370f3790aec17eda16f498e6dbe8c622f891', '["admin"]', '2022-06-09 05:52:41', '2022-06-09 05:52:34', '2022-06-09 05:52:41'),
	(87, 'App\\Models\\Admin', 1, 'authTokenAdmin', '3406fa815454ad23766840f38c47f6f16c700ee816e07a5423efb670719df462', '["admin"]', '2022-06-09 06:01:38', '2022-06-09 05:53:57', '2022-06-09 06:01:38'),
	(88, 'App\\Models\\Customer', 1, 'authTokenCustomer', '5a3f980b6ed4d2f926bd4225672be1073b19d0b4610e9615accabf90274b29d6', '["customer"]', '2022-06-09 06:08:45', '2022-06-09 06:01:26', '2022-06-09 06:08:45'),
	(89, 'App\\Models\\Admin', 1, 'authTokenAdmin', 'd87c01b2dcff4245c2115cb57cf4dde6652deeb49cae319666cb7d3a97d753b1', '["admin"]', '2022-06-09 08:54:37', '2022-06-09 06:37:21', '2022-06-09 08:54:37'),
	(90, 'App\\Models\\Customer', 1, 'authTokenCustomer', '4d98194173e730c12bf1161053f0ee399406b2c30eddc634ffd9ebb26de8c05a', '["customer"]', '2022-06-09 07:29:47', '2022-06-09 07:04:29', '2022-06-09 07:29:47'),
	(91, 'App\\Models\\Admin', 1, 'authTokenAdmin', '44d1c7ec800b93d44f268216c1273a2ce101da5fa54fd934b50518c694b3678f', '["admin"]', '2022-06-09 08:58:35', '2022-06-09 08:55:55', '2022-06-09 08:58:35'),
	(92, 'App\\Models\\Customer', 1, 'authTokenCustomer', '1bae78f537134d38423cfe2021671ead3aa00a10488b3c68640264c63ed242e6', '["customer"]', '2022-06-09 20:27:43', '2022-06-09 18:20:57', '2022-06-09 20:27:43'),
	(94, 'App\\Models\\Admin', 1, 'authTokenAdmin', '5155d4e8e7b66a68f82530f0446daf0c00b0380e712c761094ed0e7e3abcd976', '["admin"]', '2022-06-09 20:24:01', '2022-06-09 20:23:57', '2022-06-09 20:24:01'),
	(96, 'App\\Models\\Customer', 1, 'authTokenCustomer', 'b5d3f9e4eb908d00ad1e0eaf057b368774882804c22894d204bf386043726513', '["customer"]', NULL, '2022-11-15 08:51:27', '2022-11-15 08:51:27'),
	(97, 'App\\Models\\Customer', 1, 'authTokenCustomer', 'ba036e5643aa7d01fde8acdb31b5deec58791397810a64ed942e8409e0a8c507', '["customer"]', NULL, '2022-11-22 02:17:05', '2022-11-22 02:17:05'),
	(99, 'App\\Models\\Customer', 1, 'authTokenCustomer', 'f4a95389436118019528d807f22950e54d859c8ef82d493d8c1b52d4f5ab2089', '["customer"]', '2022-11-22 11:13:31', '2022-11-22 09:31:26', '2022-11-22 11:13:31'),
	(100, 'App\\Models\\Customer', 1, 'authTokenCustomer', 'a6c5bb2523cadee115990003be94fc4a5d67e78208e87f93f92d59dfa153a277', '["customer"]', '2022-11-22 11:10:14', '2022-11-22 09:58:07', '2022-11-22 11:10:14');

-- Dumping structure for table shop.product
CREATE TABLE IF NOT EXISTS `product` (
  `product_id` int NOT NULL AUTO_INCREMENT COMMENT 'Mã sản phẩm',
  `product_name` varchar(500) CHARACTER SET utf8mb3 COLLATE utf8mb3_general_ci NOT NULL COMMENT 'Tên sản phẩm',
  `product_description` text CHARACTER SET utf8mb3 COLLATE utf8mb3_general_ci COMMENT 'Mô tả',
  `product_discount` tinyint NOT NULL DEFAULT '0' COMMENT 'Giảm giá (%)',
  `subcategory_id` int NOT NULL COMMENT 'Mã danh mục con',
  `created_time` datetime DEFAULT NULL COMMENT 'Thời gian tạo',
  `updated_time` datetime DEFAULT NULL COMMENT 'Thời gian cập nhập',
  `admin_updated_id` int DEFAULT NULL COMMENT 'Mã người cập nhập',
  `admin_created_id` int DEFAULT NULL COMMENT 'Mã người tạo',
  PRIMARY KEY (`product_id`),
  KEY `admin_updated_id` (`admin_updated_id`),
  KEY `admin_created_id` (`admin_created_id`),
  KEY `subcategory_id` (`subcategory_id`),
  CONSTRAINT `product_ibfk_1` FOREIGN KEY (`admin_updated_id`) REFERENCES `admin` (`admin_id`),
  CONSTRAINT `product_ibfk_2` FOREIGN KEY (`admin_created_id`) REFERENCES `admin` (`admin_id`),
  CONSTRAINT `product_ibfk_3` FOREIGN KEY (`subcategory_id`) REFERENCES `subcategory` (`subcategory_id`)
) ENGINE=InnoDB AUTO_INCREMENT=134 DEFAULT CHARSET=utf8mb4 COLLATE=utf8mb4_unicode_ci;

-- Dumping data for table shop.product: ~100 rows (approximately)
INSERT INTO `product` (`product_id`, `product_name`, `product_description`, `product_discount`, `subcategory_id`, `created_time`, `updated_time`, `admin_updated_id`, `admin_created_id`) VALUES
	(1, 'Áo sơ mi Nút màu trơn Thanh lịch', NULL, 40, 7, '2022-04-16 00:00:00', NULL, NULL, 1),
	(2, 'Áo sơ mi nữ Nút phía trước Sọc Giải trí', NULL, 0, 7, '2022-04-17 00:00:00', NULL, NULL, 1),
	(3, 'Áo sơ mi màu trơn Giải trí', NULL, 0, 7, '2022-05-24 17:00:00', NULL, NULL, 1),
	(4, 'Áo sơ mi nữ Thắt lưng Viên lá sen Trọn gói màu trơn Thanh lịch', NULL, 0, 7, '2022-05-24 17:00:00', NULL, NULL, 1),
	(5, 'Áo sơ mi nữ Nút phía trước màu trơn Giải trí', NULL, 0, 7, '2022-04-23 00:00:00', '2022-05-12 04:11:34', 1, 1),
	(6, 'Áo sơ mi nữ Nút màu trơn Giải trí', NULL, 0, 7, '2022-04-21 00:00:00', NULL, NULL, 1),
	(8, 'Áo sơ mi nữ Nút phía trước Rau quả Tất cả trên in Giải trí', NULL, 0, 7, '2022-04-20 00:00:00', NULL, NULL, 1),
	(9, 'Áo sơ mi nữ Nút Ngọc trai màu trơn Thanh lịch', NULL, 20, 7, '2022-04-22 00:00:00', NULL, NULL, 1),
	(10, 'Áo sơ mi nữ viền lá sen Hoa Thanh lịch', NULL, 15, 7, '2022-04-14 00:00:00', NULL, NULL, 1),
	(11, 'Áo sơ mi nữ Thắt nút Nút phía trước màu trơn Thanh lịch', NULL, 0, 7, '2022-04-13 00:00:00', NULL, NULL, 1),
	(12, 'Áo sơ mi nữ Hoa Thanh lịch', NULL, 0, 7, '2022-04-12 00:00:00', NULL, NULL, 1),
	(13, 'Áo sơ mi nữ Nút phía trước Lá thư Giải trí', NULL, 10, 7, '2022-04-11 00:00:00', NULL, NULL, 1),
	(14, 'Áo sơ mi nữ Túi Nút phía trước màu trơn Giải trí', NULL, 10, 7, '2022-04-10 00:00:00', '2022-05-19 02:59:23', 1, 1),
	(15, 'Áo sơ mi nữ Xù màu trơn Giải trí', NULL, 0, 7, '2022-05-24 17:00:00', NULL, NULL, 1),
	(17, 'Áo sơ mi nữ Nút phía trước Tất cả trên in Boho', NULL, 0, 7, '2022-04-16 10:00:00', NULL, NULL, 1),
	(18, 'Áo sơ mi nữ Tương phản ren màu trơn Lãng mạn', NULL, 0, 7, '2022-04-22 10:00:00', NULL, NULL, 1),
	(19, 'Áo sơ mi nữ viền lá sen Nút phía trước Chấm bi Boho', NULL, 0, 7, '2022-04-22 11:00:00', NULL, NULL, 1),
	(20, 'Áo sơ mi nữ viền lá sen Tương phản ràng buộc Nút phía trước màu trơn Giải trí', NULL, 0, 7, '2022-04-22 09:00:00', NULL, NULL, 1),
	(21, 'Áo sơ mi nữ Nút phía trước màu trơn Thanh lịch', NULL, 0, 7, '2022-04-12 10:00:00', NULL, NULL, 1),
	(22, 'Áo sơ mi nữ Nút Cắt ra màu trơn Thanh lịch', NULL, 0, 7, '2022-04-12 09:00:00', NULL, NULL, 1),
	(23, 'Áo sơ mi nữ Nút phía trước màu trơn Giải trí', NULL, 0, 7, '2022-04-21 09:00:00', NULL, NULL, 1),
	(24, 'Áo sơ mi nữ Bất đối xứng Tương phản Mesh viền lá sen Nếp gấp Phần Ngực màu trơn Giải trí', NULL, 0, 7, '2022-04-21 08:00:00', NULL, NULL, 1),
	(25, 'Áo sơ mi nữ màu trơn Giải trí', NULL, 0, 7, '2022-04-21 07:00:00', NULL, NULL, 1),
	(26, 'Áo sơ mi nữ Buộc lại Dây kéo Cà vạt nhuộm Boho', NULL, 0, 7, '2022-04-21 06:00:00', NULL, NULL, 1),
	(27, 'Áo sơ mi nữ Nghề thêu Sò điệp Tương phản ràng buộc Nút phía trước Rau quả Dễ thương', NULL, 0, 7, '2022-04-21 05:00:00', NULL, NULL, 1),
	(28, 'Áo sơ mi nữ Nút phía trước Lá thư Giải trí', NULL, 0, 7, '2022-04-21 04:00:00', NULL, NULL, 1),
	(29, 'Áo sơ mi nữ Nút phía trước màu trơn Giải trí', NULL, 0, 7, '2022-04-20 10:00:00', NULL, NULL, 1),
	(30, 'Áo sơ mi nữ Túi Nút phía trước màu trơn Giải trí', NULL, 0, 7, '2022-04-20 09:00:00', NULL, NULL, 1),
	(31, 'Áo sơ mi nữ Dây kéo Nếp gấp Phần Ngực màu trơn Giải trí', NULL, 0, 7, '2022-04-20 08:00:00', NULL, NULL, 1),
	(32, 'Áo sơ mi nữ Tương phản ren Cao thấp Sò điệp Nút phía trước màu trơn Thanh lịch', NULL, 0, 7, '2022-04-20 07:00:00', NULL, NULL, 1),
	(33, 'Áo thun nữ Con số Slogan Giải trí', NULL, 0, 3, '2022-05-24 17:00:00', '2022-05-12 04:10:11', 1, 1),
	(34, 'Áo thun nữ Đồ họa Lá thư Giải trí', NULL, 0, 3, '2022-05-24 17:00:00', '2022-05-12 04:15:48', 1, 1),
	(35, 'Áo thun nữ màu trơn Cơ bản', NULL, 0, 3, '2022-05-24 17:00:00', NULL, NULL, 1),
	(36, 'Áo nữ Rib-Knit màu trơn màu đen Sexy', NULL, 0, 3, '2022-04-23 04:00:00', NULL, NULL, 1),
	(37, 'Áo thun nữ Nút phía trước màu trơn Giải trí', NULL, 0, 3, '2022-04-16 09:00:00', NULL, NULL, 1),
	(38, 'Áo thun nữ Đồ họa Slogan Giải trí', NULL, 0, 3, '2022-04-16 08:00:00', NULL, NULL, 1),
	(39, 'Áo thun nữ Con số Hoa Giải trí', NULL, 0, 3, '2022-04-16 07:00:00', NULL, NULL, 1),
	(40, 'Áo thun nữ Đồ họa Lá thư Giải trí', NULL, 32, 3, '2022-04-16 06:00:00', NULL, NULL, 1),
	(41, 'Áo thun nữ Dây kéo màu trơn Giải trí', NULL, 15, 3, '2022-04-16 05:00:00', NULL, NULL, 1),
	(42, 'Áo thun nữ Hoa Lá thư Giải trí', NULL, 0, 3, '2022-04-16 04:00:00', NULL, NULL, 1),
	(43, 'DAZY Quần nữ Xếp li màu trơn Thanh lịch', NULL, 0, 26, '2022-05-24 17:20:38', '2022-05-12 04:13:49', 1, 1),
	(44, 'Dazy-Less Quần nữ Nút Túi Uốn nếp màu trơn Giải trí', NULL, 0, 26, '2022-05-04 13:34:40', '2022-05-04 13:34:40', NULL, 1),
	(45, 'DAZY Quần nữ Túi màu trơn Giải trí', NULL, 0, 26, '2022-05-04 14:14:53', '2022-05-21 11:04:22', 1, 1),
	(46, 'Quần nữ Nút Sọc ca rô Sẵn sàng', NULL, 0, 26, '2022-05-04 14:18:11', '2022-05-04 14:18:11', NULL, 1),
	(47, 'Quần nữ Thắt lưng Túi Quần paper-bag màu trơn Boho', NULL, 50, 26, '2022-05-04 14:44:50', '2022-05-07 16:24:46', 1, 1),
	(77, 'Quần nữ Nút Dây kéo màu trơn Giải trí', NULL, 0, 26, '2022-05-24 17:36:43', '2022-05-23 16:37:01', 1, 1),
	(78, 'Quần nữ Túi Dây kéo màu trơn Giải trí', NULL, 0, 26, '2022-05-23 16:38:09', '2022-05-23 16:49:07', 1, 1),
	(79, 'Quần nữ Nút Xù Dây kéo màu trơn Giải trí', '<table class="sg-table-base j-cm-table" style="box-sizing:border-box; border-collapse:collapse; border-spacing:0px; width:488.462px; color:#222222; font-family:Arial, Helvetica, sans-serif; font-size:12px; font-style:normal; font-variant-ligatures:normal; font-variant-caps:normal; font-weight:400; letter-spacing:normal; orphans:2; text-align:start; text-transform:none; white-space:normal; widows:2; word-spacing:0px; -webkit-text-stroke-width:0px; text-decoration-thickness:initial; text-decoration-style:initial; text-decoration-color:initial">\n	<tbody>\n		<tr>\n			<td style="border-bottom:1px solid #e5e5e5; padding:0px 4px; min-width:85px; height:38px; white-space:nowrap; border-top:1px solid #e5e5e5; border-right:1px solid #e5e5e5; border-left:1px solid #e5e5e5"><span style="box-sizing:border-box"><span style="transition:background-color 0.2s ease 0s, color 0.2s ease 0s"><span style="color:#222222"><span style="table-layout:fixed"><span style="font-weight:700">Kích thước</span></span></span></span></span></td>\n			<td style="border-bottom:1px solid #e5e5e5; padding:0px 4px; min-width:85px; height:38px; border-top:1px solid #e5e5e5; border-right:1px solid #e5e5e5; border-left:1px solid #e5e5e5"><span style="box-sizing:border-box"><span style="transition:background-color 0.2s ease 0s, color 0.2s ease 0s">Chiều dài</span></span></td>\n			<td style="border-bottom:1px solid #e5e5e5; padding:0px 4px; min-width:85px; height:38px; border-top:1px solid #e5e5e5; border-right:1px solid #e5e5e5; border-left:1px solid #e5e5e5"><span style="box-sizing:border-box"><span style="transition:background-color 0.2s ease 0s, color 0.2s ease 0s">Kích thước vòng eo</span></span></td>\n			<td style="border-bottom:1px solid #e5e5e5; padding:0px 4px; min-width:85px; height:38px; border-top:1px solid #e5e5e5; border-right:1px solid #e5e5e5; border-left:1px solid #e5e5e5"><span style="box-sizing:border-box"><span style="transition:background-color 0.2s ease 0s, color 0.2s ease 0s">Kích thước mông</span></span></td>\n			<td style="border-bottom:1px solid #e5e5e5; padding:0px 4px; min-width:85px; height:38px; border-top:1px solid #e5e5e5; border-right:1px solid #e5e5e5; border-left:1px solid #e5e5e5"><span style="box-sizing:border-box"><span style="transition:background-color 0.2s ease 0s, color 0.2s ease 0s">Đùi</span></span></td>\n		</tr>\n		<tr>\n			<td aria-label="Kích thước:XS" style="border-bottom:1px solid #e5e5e5; padding:0px 4px; min-width:85px; height:38px; white-space:nowrap; border-top:1px solid #e5e5e5; border-right:1px solid #e5e5e5; border-left:1px solid #e5e5e5" tabindex="0"><span style="box-sizing:border-box"><span style="outline:0px"><span style="transition:background-color 0.2s ease 0s, color 0.2s ease 0s"><span style="color:#222222"><span style="table-layout:fixed"><span style="font-weight:700">XS</span></span></span></span></span></span></td>\n			<td aria-label="Chiều dài :93" style="border-bottom:1px solid #e5e5e5; padding:0px 4px; min-width:85px; height:38px; border-top:1px solid #e5e5e5; border-right:1px solid #e5e5e5; border-left:1px solid #e5e5e5" tabindex="0"><span style="box-sizing:border-box"><span style="outline:0px"><span style="transition:background-color 0.2s ease 0s, color 0.2s ease 0s">93</span></span></span></td>\n			<td aria-label="Kích thước vòng eo :65" style="border-bottom:1px solid #e5e5e5; padding:0px 4px; min-width:85px; height:38px; border-top:1px solid #e5e5e5; border-right:1px solid #e5e5e5; border-left:1px solid #e5e5e5" tabindex="0"><span style="box-sizing:border-box"><span style="outline:0px"><span style="transition:background-color 0.2s ease 0s, color 0.2s ease 0s">65</span></span></span></td>\n			<td aria-label="Kích thước mông :107" style="border-bottom:1px solid #e5e5e5; padding:0px 4px; min-width:85px; height:38px; border-top:1px solid #e5e5e5; border-right:1px solid #e5e5e5; border-left:1px solid #e5e5e5" tabindex="0"><span style="box-sizing:border-box"><span style="outline:0px"><span style="transition:background-color 0.2s ease 0s, color 0.2s ease 0s">107</span></span></span></td>\n			<td aria-label="Đùi :67.7" style="border-bottom:1px solid #e5e5e5; padding:0px 4px; min-width:85px; height:38px; border-top:1px solid #e5e5e5; border-right:1px solid #e5e5e5; border-left:1px solid #e5e5e5" tabindex="0"><span style="box-sizing:border-box"><span style="outline:0px"><span style="transition:background-color 0.2s ease 0s, color 0.2s ease 0s">67.7</span></span></span></td>\n		</tr>\n		<tr>\n			<td aria-label="Kích thước:S" style="border-bottom:1px solid #e5e5e5; padding:0px 4px; min-width:85px; height:38px; white-space:nowrap; border-top:1px solid #e5e5e5; border-right:1px solid #e5e5e5; border-left:1px solid #e5e5e5" tabindex="0"><span style="box-sizing:border-box"><span style="outline:0px"><span style="transition:background-color 0.2s ease 0s, color 0.2s ease 0s"><span style="color:#222222"><span style="table-layout:fixed"><span style="font-weight:700">S</span></span></span></span></span></span></td>\n			<td aria-label="Chiều dài :94" style="border-bottom:1px solid #e5e5e5; padding:0px 4px; min-width:85px; height:38px; border-top:1px solid #e5e5e5; border-right:1px solid #e5e5e5; border-left:1px solid #e5e5e5" tabindex="0"><span style="box-sizing:border-box"><span style="outline:0px"><span style="transition:background-color 0.2s ease 0s, color 0.2s ease 0s">94</span></span></span></td>\n			<td aria-label="Kích thước vòng eo :69" style="border-bottom:1px solid #e5e5e5; padding:0px 4px; min-width:85px; height:38px; border-top:1px solid #e5e5e5; border-right:1px solid #e5e5e5; border-left:1px solid #e5e5e5" tabindex="0"><span style="box-sizing:border-box"><span style="outline:0px"><span style="transition:background-color 0.2s ease 0s, color 0.2s ease 0s">69</span></span></span></td>\n			<td aria-label="Kích thước mông :111" style="border-bottom:1px solid #e5e5e5; padding:0px 4px; min-width:85px; height:38px; border-top:1px solid #e5e5e5; border-right:1px solid #e5e5e5; border-left:1px solid #e5e5e5" tabindex="0"><span style="box-sizing:border-box"><span style="outline:0px"><span style="transition:background-color 0.2s ease 0s, color 0.2s ease 0s">111</span></span></span></td>\n			<td aria-label="Đùi :70" style="border-bottom:1px solid #e5e5e5; padding:0px 4px; min-width:85px; height:38px; border-top:1px solid #e5e5e5; border-right:1px solid #e5e5e5; border-left:1px solid #e5e5e5" tabindex="0"><span style="box-sizing:border-box"><span style="outline:0px"><span style="transition:background-color 0.2s ease 0s, color 0.2s ease 0s">70</span></span></span></td>\n		</tr>\n		<tr>\n			<td aria-label="Kích thước:M" style="border-bottom:1px solid #e5e5e5; padding:0px 4px; min-width:85px; height:38px; white-space:nowrap; border-top:1px solid #e5e5e5; border-right:1px solid #e5e5e5; border-left:1px solid #e5e5e5" tabindex="0"><span style="box-sizing:border-box"><span style="outline:0px"><span style="transition:background-color 0.2s ease 0s, color 0.2s ease 0s"><span style="color:#222222"><span style="table-layout:fixed"><span style="font-weight:700">M</span></span></span></span></span></span></td>\n			<td aria-label="Chiều dài :95" style="border-bottom:1px solid #e5e5e5; padding:0px 4px; min-width:85px; height:38px; border-top:1px solid #e5e5e5; border-right:1px solid #e5e5e5; border-left:1px solid #e5e5e5" tabindex="0"><span style="box-sizing:border-box"><span style="outline:0px"><span style="transition:background-color 0.2s ease 0s, color 0.2s ease 0s">95</span></span></span></td>\n			<td aria-label="Kích thước vòng eo :73" style="border-bottom:1px solid #e5e5e5; padding:0px 4px; min-width:85px; height:38px; border-top:1px solid #e5e5e5; border-right:1px solid #e5e5e5; border-left:1px solid #e5e5e5" tabindex="0"><span style="box-sizing:border-box"><span style="outline:0px"><span style="transition:background-color 0.2s ease 0s, color 0.2s ease 0s">73</span></span></span></td>\n			<td aria-label="Kích thước mông :115" style="border-bottom:1px solid #e5e5e5; padding:0px 4px; min-width:85px; height:38px; border-top:1px solid #e5e5e5; border-right:1px solid #e5e5e5; border-left:1px solid #e5e5e5" tabindex="0"><span style="box-sizing:border-box"><span style="outline:0px"><span style="transition:background-color 0.2s ease 0s, color 0.2s ease 0s">115</span></span></span></td>\n			<td aria-label="Đùi :72.3" style="border-bottom:1px solid #e5e5e5; padding:0px 4px; min-width:85px; height:38px; border-top:1px solid #e5e5e5; border-right:1px solid #e5e5e5; border-left:1px solid #e5e5e5" tabindex="0"><span style="box-sizing:border-box"><span style="outline:0px"><span style="transition:background-color 0.2s ease 0s, color 0.2s ease 0s">72.3</span></span></span></td>\n		</tr>\n		<tr>\n			<td aria-label="Kích thước:L" style="border-bottom:1px solid #e5e5e5; padding:0px 4px; min-width:85px; height:38px; white-space:nowrap; border-top:1px solid #e5e5e5; border-right:1px solid #e5e5e5; border-left:1px solid #e5e5e5" tabindex="0"><span style="box-sizing:border-box"><span style="outline:0px"><span style="transition:background-color 0.2s ease 0s, color 0.2s ease 0s"><span style="color:#222222"><span style="table-layout:fixed"><span style="font-weight:700">L</span></span></span></span></span></span></td>\n			<td aria-label="Chiều dài :96.5" style="border-bottom:1px solid #e5e5e5; padding:0px 4px; min-width:85px; height:38px; border-top:1px solid #e5e5e5; border-right:1px solid #e5e5e5; border-left:1px solid #e5e5e5" tabindex="0"><span style="box-sizing:border-box"><span style="outline:0px"><span style="transition:background-color 0.2s ease 0s, color 0.2s ease 0s">96.5</span></span></span></td>\n			<td aria-label="Kích thước vòng eo :79" style="border-bottom:1px solid #e5e5e5; padding:0px 4px; min-width:85px; height:38px; border-top:1px solid #e5e5e5; border-right:1px solid #e5e5e5; border-left:1px solid #e5e5e5" tabindex="0"><span style="box-sizing:border-box"><span style="outline:0px"><span style="transition:background-color 0.2s ease 0s, color 0.2s ease 0s">79</span></span></span></td>\n			<td aria-label="Kích thước mông :121" style="border-bottom:1px solid #e5e5e5; padding:0px 4px; min-width:85px; height:38px; border-top:1px solid #e5e5e5; border-right:1px solid #e5e5e5; border-left:1px solid #e5e5e5" tabindex="0"><span style="box-sizing:border-box"><span style="outline:0px"><span style="transition:background-color 0.2s ease 0s, color 0.2s ease 0s">121</span></span></span></td>\n			<td aria-label="Đùi :75.6" style="border-bottom:1px solid #e5e5e5; padding:0px 4px; min-width:85px; height:38px; border-top:1px solid #e5e5e5; border-right:1px solid #e5e5e5; border-left:1px solid #e5e5e5" tabindex="0"><span style="box-sizing:border-box"><span style="outline:0px"><span style="transition:background-color 0.2s ease 0s, color 0.2s ease 0s">75.6</span></span></span></td>\n		</tr>\n		<tr>\n			<td aria-label="Kích thước:XL" style="border-bottom:1px solid #e5e5e5; padding:0px 4px; min-width:85px; height:38px; white-space:nowrap; border-top:1px solid #e5e5e5; border-right:1px solid #e5e5e5; border-left:1px solid #e5e5e5" tabindex="0"><span style="box-sizing:border-box"><span style="outline:0px"><span style="transition:background-color 0.2s ease 0s, color 0.2s ease 0s"><span style="color:#222222"><span style="table-layout:fixed"><span style="font-weight:700">XL</span></span></span></span></span></span></td>\n			<td aria-label="Chiều dài :98" style="border-bottom:1px solid #e5e5e5; padding:0px 4px; min-width:85px; height:38px; border-top:1px solid #e5e5e5; border-right:1px solid #e5e5e5; border-left:1px solid #e5e5e5" tabindex="0"><span style="box-sizing:border-box"><span style="outline:0px"><span style="transition:background-color 0.2s ease 0s, color 0.2s ease 0s">98</span></span></span></td>\n			<td aria-label="Kích thước vòng eo :85" style="border-bottom:1px solid #e5e5e5; padding:0px 4px; min-width:85px; height:38px; border-top:1px solid #e5e5e5; border-right:1px solid #e5e5e5; border-left:1px solid #e5e5e5" tabindex="0"><span style="box-sizing:border-box"><span style="outline:0px"><span style="transition:background-color 0.2s ease 0s, color 0.2s ease 0s">85</span></span></span></td>\n			<td aria-label="Kích thước mông :127" style="border-bottom:1px solid #e5e5e5; padding:0px 4px; min-width:85px; height:38px; border-top:1px solid #e5e5e5; border-right:1px solid #e5e5e5; border-left:1px solid #e5e5e5" tabindex="0"><span style="box-sizing:border-box"><span style="outline:0px"><span style="transition:background-color 0.2s ease 0s, color 0.2s ease 0s">127</span></span></span></td>\n			<td aria-label="Đùi :78.9" style="border-bottom:1px solid #e5e5e5; padding:0px 4px; min-width:85px; height:38px; border-top:1px solid #e5e5e5; border-right:1px solid #e5e5e5; border-left:1px solid #e5e5e5" tabindex="0"><span style="box-sizing:border-box"><span style="outline:0px"><span style="transition:background-color 0.2s ease 0s, color 0.2s ease 0s">78.9</span></span></span></td>\n		</tr>\n	</tbody>\n</table>', 0, 26, '2022-05-24 17:43:51', '2022-05-25 15:05:24', 1, 1),
	(80, 'Quần nữ Nút Túi Dây kéo Khối Màu Giải trí', NULL, 0, 26, '2022-05-23 16:50:09', '2022-05-23 16:50:09', NULL, 1),
	(81, 'Quần nữ Dây kéo Thắt nơ trước màu trơn Thanh lịch', NULL, 30, 26, '2022-05-23 16:53:31', '2022-05-23 16:53:31', NULL, 1),
	(82, 'Quần nữ Lá thư Giải trí', NULL, 0, 26, '2022-05-24 02:38:45', '2022-05-24 02:38:45', NULL, 1),
	(83, 'Quần nữ Họa tiết hoa Boho', NULL, 0, 26, '2022-05-24 17:43:16', '2022-05-24 02:43:16', NULL, 1),
	(84, 'Quần nữ Nút Cắt ra Túi Con số Slogan Giải trí', NULL, 0, 26, '2022-05-24 02:45:24', '2022-05-24 02:45:24', NULL, 1),
	(85, 'Quần nữ Dây kéo màu trơn Giải trí', NULL, 0, 26, '2022-05-24 02:48:53', '2022-05-24 02:48:53', NULL, 1),
	(86, 'Quần nữ Túi Nút phía trước màu trơn Giải trí', NULL, 0, 26, '2022-05-24 02:55:51', '2022-05-24 02:55:51', NULL, 1),
	(87, 'Quần Nút màu trơn Thanh lịch', NULL, 0, 26, '2022-05-24 02:57:29', '2022-05-24 02:57:29', NULL, 1),
	(88, 'Quần nữ Dây kéo Túi màu trơn Thanh lịch', NULL, 0, 26, '2022-05-24 17:01:05', '2022-05-24 03:01:05', NULL, 1),
	(89, 'Quần Thắt lưng Nhiệt đới Boho', NULL, 0, 26, '2022-05-24 03:04:32', '2022-05-24 03:04:32', NULL, 1),
	(90, 'Quần nữ Dây kéo màu trơn Thanh lịch', NULL, 0, 26, '2022-05-24 03:06:45', '2022-05-24 03:06:45', NULL, 1),
	(91, 'Quần nữ Thắt lưng Nhẫn Dây kéo Quần paper-bag màu trơn Thanh lịch', NULL, 0, 26, '2022-05-24 03:07:47', '2022-05-24 03:07:47', NULL, 1),
	(92, 'Quần nữ Hoa Boho', NULL, 0, 26, '2022-05-24 03:09:00', '2022-05-24 03:09:00', NULL, 1),
	(93, 'Quần nữ Thắt nút Quần paper-bag Cà vạt nhuộm Boho', NULL, 10, 26, '2022-05-24 03:11:58', '2022-05-24 03:11:58', NULL, 1),
	(94, 'Quần nữ Dây kéo màu trơn Thanh lịch', NULL, 0, 26, '2022-05-24 03:13:39', '2022-05-24 03:13:39', NULL, 1),
	(95, 'Quần nữ Thắt lưng Dây kéo Quần paper-bag màu trơn Thanh lịch', NULL, 20, 26, '2022-05-24 03:15:37', '2022-05-24 03:15:37', NULL, 1),
	(96, 'Quần nữ Thắt lưng Túi Dây kéo màu trơn Thanh lịch', NULL, 0, 26, '2022-05-24 03:18:35', '2022-05-24 03:18:35', NULL, 1),
	(97, 'Quần nữ Khối Màu Nhiệt đới Boho', NULL, 0, 26, '2022-05-24 03:19:37', '2022-05-24 03:19:37', NULL, 1),
	(98, 'Quần nữ Họa tiết khăn Boho', NULL, 0, 26, '2022-05-24 03:20:55', '2022-05-24 03:20:55', NULL, 1),
	(99, 'Quần nữ Trọn gói Thắt nơ trước màu trơn', NULL, 0, 26, '2022-05-24 03:22:32', '2022-05-24 03:22:32', NULL, 1),
	(100, 'Quần nữ Túi Dây kéo Thùa khuyết màu trơn Giải trí', NULL, 0, 26, '2022-05-24 03:23:49', '2022-05-24 05:37:55', 1, 1),
	(101, 'Quần nữ Dải chun Quần paper-bag Sọc Giải trí', NULL, 0, 26, '2022-05-24 03:25:03', '2022-05-24 03:25:03', NULL, 1),
	(103, 'Áo khoác nữ mùa đông Túi Nút phía trước Ombre Slogan Giải trí', NULL, 0, 36, '2022-05-24 07:55:14', '2022-05-24 07:55:14', NULL, 1),
	(104, 'Áo khoác nữ mùa đông Thắt lưng Túi Dây kéo Nút phía trước Khối Màu Giải trí', NULL, 0, 36, '2022-05-24 07:57:23', '2022-05-24 07:57:23', NULL, 1),
	(105, 'Áo khoác nữ mùa đông Nút Đắp vá Túi Dây kéo màu trơn Giải trí', NULL, 0, 36, '2022-05-24 17:01:25', '2022-05-24 08:01:25', NULL, 1),
	(106, 'Áo khoác nữ mùa đông Nút phía trước màu trơn Giải trí', NULL, 0, 36, '2022-05-24 08:07:22', '2022-05-24 08:07:22', NULL, 1),
	(107, 'Áo khoác nữ mùa đông Tương phản lông thú giả Túi Dây kéo Dày Nút phía trước màu trơn Giải trí', NULL, 0, 36, '2022-05-24 17:10:27', '2022-05-24 08:10:27', NULL, 1),
	(108, 'Áo khoác nữ mùa đông Tương phản lông thú giả Túi Dây kéo Ruy băng Nút phía trước Đồ họa Lá thư Giải trí', NULL, 0, 36, '2022-05-24 17:13:09', '2022-05-24 08:13:09', NULL, 1),
	(109, 'Áo khoác nữ mùa đông Thắt lưng Tương phản lông thú giả Nút đôi Túi màu trơn Giải trí', NULL, 0, 36, '2022-05-24 17:16:33', '2022-05-24 08:16:33', NULL, 1),
	(110, 'Áo khoác nữ mùa đông Nút Tương phản lông thú giả Dây kéo Túi Nút phía trước màu trơn Giải trí', NULL, 0, 36, '2022-05-24 17:19:14', '2022-05-24 08:19:14', NULL, 1),
	(111, 'Áo khoác nữ mùa đông Thắt lưng Túi Dày màu trơn Giải trí', NULL, 0, 36, '2022-05-24 08:20:49', '2022-05-24 08:20:49', NULL, 1),
	(112, 'Áo khoác nữ mùa đông Dây kéo Đắp vá Túi màu trơn Giải trí', NULL, 0, 36, '2022-05-24 08:22:14', '2022-05-24 08:22:14', NULL, 1),
	(113, 'Áo khoác nữ mùa đông Dây kéo Túi Nút phía trước màu trơn Giải trí', NULL, 10, 36, '2022-05-24 17:25:28', '2022-06-10 02:22:51', 1, 1),
	(114, 'Áo khoác mùa đông Thắt lưng Túi Nút phía trước màu trơn Giải trí', NULL, 0, 36, '2022-05-24 08:48:50', '2022-05-24 08:48:50', NULL, 1),
	(115, 'Áo khoác mùa đông Thắt lưng Nút Khối Màu Giải trí', NULL, 0, 36, '2022-05-24 08:50:02', '2022-05-24 08:50:02', NULL, 1),
	(116, 'Áo khoác nữ mùa đông Nút phía trước màu trơn Giải trí', NULL, 0, 36, '2022-05-24 08:51:03', '2022-05-24 08:51:03', NULL, 1),
	(117, 'Áo khoác mùa đông Dây kéo Túi màu trơn Giải trí', NULL, 0, 36, '2022-05-24 08:52:11', '2022-05-24 08:52:11', NULL, 1),
	(118, 'Áo khoác nữ mùa đông Dây kéo màu trơn Giải trí', NULL, 0, 36, '2022-05-24 08:53:16', '2022-05-24 08:53:16', NULL, 1),
	(119, 'Áo khoác nữ mùa đông Dây kéo màu trơn Giải trí', NULL, 0, 36, '2022-05-24 08:54:06', '2022-05-24 08:54:06', NULL, 1),
	(120, 'Áo khoác nữ mùa đông Túi Thú vật Lá thư Giải trí', NULL, 0, 36, '2022-05-24 08:56:08', '2022-05-24 08:56:08', NULL, 1),
	(121, 'Áo khoác nữ mùa đông Cà vạt nhuộm Giải trí', NULL, 30, 36, '2022-05-24 08:57:16', '2022-05-24 08:57:16', NULL, 1),
	(122, 'Áo khoác Dây kéo Giải trí', NULL, 0, 36, '2022-05-24 08:58:07', '2022-05-24 08:58:07', NULL, 1),
	(123, 'Áo khoác Túi màu trơn Thanh lịch', NULL, 36, 36, '2022-05-24 09:00:22', '2022-05-24 09:00:22', NULL, 1),
	(124, 'Áo khoác Túi màu trơn Giải trí', NULL, 0, 36, '2022-05-24 09:01:27', '2022-05-24 09:01:27', NULL, 1),
	(125, 'Áo khoác Dây kéo Khối Màu Giải trí', NULL, 0, 36, '2022-05-24 09:02:19', '2022-05-24 09:02:19', NULL, 1),
	(126, 'Áo khoác nữ mùa đông Dây kéo Báo Giải trí', NULL, 0, 36, '2022-05-24 09:03:13', '2022-05-24 09:03:13', NULL, 1),
	(127, 'Áo khoác nữ mùa đông Túi Dây kéo Nút phía trước màu trơn Giải trí', NULL, 0, 36, '2022-05-24 09:04:42', '2022-05-24 09:04:42', NULL, 1),
	(128, 'Áo khoác nữ mùa đông Đắp vá Túi Dây kéo Ruy băng Lá thư Giải trí', NULL, 0, 36, '2022-05-24 09:05:46', '2022-05-24 09:05:46', NULL, 1),
	(129, 'Áo khoác nữ mùa đông Dây kéo Túi màu trơn Giải trí', NULL, 0, 36, '2022-05-24 09:06:46', '2022-05-24 09:06:46', NULL, 1),
	(130, 'Áo khoác nữ mùa đông Dây kéo Ombre Giải trí', NULL, 0, 36, '2022-05-24 09:07:40', '2022-05-24 09:07:40', NULL, 1),
	(131, 'Áo khoác nữ mùa đông Nút Đắp vá Túi Lá thư Giải trí', NULL, 0, 36, '2022-05-24 09:08:35', '2022-05-24 09:08:35', NULL, 1),
	(132, 'Áo khoác nữ mùa đông Túi Dây kéo Đồ họa Tất cả trên in Giải trí', NULL, 0, 36, '2022-05-24 09:10:27', '2022-05-24 09:10:27', NULL, 1);

-- Dumping structure for table shop.size
CREATE TABLE IF NOT EXISTS `size` (
  `size_id` int NOT NULL AUTO_INCREMENT COMMENT 'Mã kích cỡ',
  `size_name` varchar(100) CHARACTER SET utf8mb3 COLLATE utf8mb3_general_ci NOT NULL COMMENT 'Tên kích cỡ',
  `quantity` int NOT NULL COMMENT 'Số lượng tồn kho',
  `color_id` int NOT NULL COMMENT 'Mã màu sản phẩm',
  PRIMARY KEY (`size_id`),
  KEY `color_id` (`color_id`),
  CONSTRAINT `size_ibfk_1` FOREIGN KEY (`color_id`) REFERENCES `color` (`color_id`) ON DELETE CASCADE
) ENGINE=InnoDB AUTO_INCREMENT=634 DEFAULT CHARSET=utf8mb4 COLLATE=utf8mb4_unicode_ci;

-- Dumping data for table shop.size: ~471 rows (approximately)
INSERT INTO `size` (`size_id`, `size_name`, `quantity`, `color_id`) VALUES
	(1, 'XS', 10, 1),
	(2, 'S', 23, 1),
	(3, 'M', 32, 1),
	(4, 'L', 14, 1),
	(5, 'XL', 5, 1),
	(6, 'M', 124, 2),
	(7, 'L', 55, 2),
	(8, 'XL', 33, 2),
	(9, 'M', 112, 3),
	(10, 'L', 43, 3),
	(11, 'XL', 11, 3),
	(12, 'M', 12, 4),
	(13, 'L', 123, 4),
	(14, 'XL', 12, 4),
	(15, 'M', 34, 5),
	(16, 'L', 67, 5),
	(17, 'XL', 22, 5),
	(18, 'M', 56, 6),
	(19, 'L', 23, 6),
	(20, 'XL', 3, 6),
	(21, 'M', 34, 7),
	(22, 'L', 55, 7),
	(23, 'XL', 12, 7),
	(27, 'M', 11, 9),
	(28, 'L', 23, 9),
	(29, 'XL', 43, 9),
	(30, 'M', 12, 10),
	(31, 'L', 32, 10),
	(32, 'XL', 55, 10),
	(33, 'S', 32, 11),
	(34, 'M', 22, 11),
	(35, 'L', 22, 11),
	(36, 'XS', 43, 12),
	(37, 'X', 234, 12),
	(38, 'M', 34, 12),
	(39, 'L', 54, 12),
	(40, 'XL', 46, 12),
	(41, 'M', 112, 13),
	(42, 'L', 22, 13),
	(43, 'XL', 34, 13),
	(44, 'M', 123, 14),
	(45, 'L', 11, 14),
	(46, 'XL', 23, 14),
	(47, 'M', 23, 15),
	(48, 'L', 43, 15),
	(49, 'XL', 11, 15),
	(54, 'M', 213, 17),
	(55, 'L', 243, 17),
	(56, 'XL', 34, 17),
	(57, 'M', 345, 18),
	(58, 'L', 45, 18),
	(59, 'XL', 32, 18),
	(60, 'XS', 33, 19),
	(61, 'M', 43, 19),
	(62, 'L', 434, 19),
	(63, 'XL', 22, 19),
	(64, 'M', 23, 20),
	(65, 'L', 56, 20),
	(66, 'XL', 56, 20),
	(67, 'M', 45, 21),
	(68, 'L', 78, 21),
	(69, 'XL', 89, 21),
	(70, 'M', 56, 22),
	(71, 'L', 67, 22),
	(72, 'XL', 78, 22),
	(73, 'M', 54, 23),
	(74, 'L', 45, 23),
	(75, 'XL', 34, 23),
	(76, 'M', 56, 24),
	(77, 'L', 45, 24),
	(78, 'XL', 34, 24),
	(79, 'M', 34, 25),
	(80, 'L', 54, 25),
	(81, 'XL', 22, 25),
	(82, 'M', 23, 26),
	(83, 'L', 34, 26),
	(84, 'XL', 34, 26),
	(85, 'M', 45, 27),
	(86, 'L', 45, 27),
	(87, 'XL', 65, 27),
	(88, 'M', 12, 28),
	(89, 'L', 56, 28),
	(90, 'XL', 34, 28),
	(91, 'M', 45, 29),
	(92, 'L', 32, 29),
	(93, 'XL', 12, 29),
	(94, 'M', 67, 30),
	(95, 'L', 78, 30),
	(96, 'XL', 43, 30),
	(97, 'M', 45, 31),
	(98, 'L', 43, 31),
	(99, 'XL', 87, 31),
	(100, 'M', 78, 32),
	(101, 'L', 34, 32),
	(102, 'XL', 67, 32),
	(105, 'M', 78, 33),
	(106, 'L', 56, 33),
	(107, 'XL', 11, 33),
	(108, 'XS', 34, 34),
	(109, 'M', 45, 34),
	(110, 'L', 76, 34),
	(111, 'XL', 89, 34),
	(112, 'XS', 100, 35),
	(113, 'M', 45, 35),
	(114, 'X', 45, 35),
	(115, 'XL', 9, 35),
	(116, 'XS', 34, 36),
	(117, 'M', 34, 36),
	(118, 'X', 45, 36),
	(119, 'XL', 65, 36),
	(120, 'XS', 76, 37),
	(121, 'M', 67, 37),
	(122, 'X', 76, 37),
	(123, 'XL', 32, 37),
	(124, 'XS', 34, 38),
	(125, 'M', 54, 38),
	(126, 'X', 56, 38),
	(127, 'XL', 0, 38),
	(140, 'S', 65, 42),
	(141, 'M', 87, 42),
	(142, 'X', 34, 42),
	(143, 'XL', 65, 42),
	(144, 'S', 564, 43),
	(145, 'M', 56, 43),
	(146, 'X', 45, 43),
	(147, 'XL', 23, 43),
	(148, 'S', 54, 44),
	(149, 'M', 65, 44),
	(150, 'X', 345, 44),
	(151, 'XL', 65, 44),
	(152, 'S', 54, 45),
	(153, 'M', 673, 45),
	(154, 'X', 435, 45),
	(155, 'XL', 67, 45),
	(156, 'L', 34, 46),
	(157, 'X', 34, 46),
	(158, 'XL', 45, 46),
	(159, 'L', 45, 47),
	(160, 'X', 86, 47),
	(161, 'XL', 34, 47),
	(162, 'L', 56, 48),
	(163, 'X', 78, 48),
	(164, 'XL', 67, 48),
	(165, 'L', 56, 49),
	(166, 'X', 23, 49),
	(167, 'XL', 98, 49),
	(168, 'M', 45, 50),
	(169, 'X', 56, 50),
	(170, 'XL', 23, 50),
	(171, 'M', 65, 51),
	(172, 'X', 54, 51),
	(173, 'XL', 65, 51),
	(174, 'M', 45, 52),
	(175, 'X', 54, 52),
	(176, 'XL', 64, 52),
	(185, 'S', 234, 55),
	(186, 'L', 54, 55),
	(187, 'X', 23, 55),
	(188, 'XL', 56, 55),
	(189, 'S', 22, 56),
	(190, 'M', 34, 56),
	(191, 'L', 45, 56),
	(192, 'XL', 87, 56),
	(193, 'S', 31, 57),
	(194, 'M', 77, 57),
	(195, 'L', 84, 57),
	(196, 'XL', 56, 57),
	(242, 'S', 64, 79),
	(243, 'M', 33, 79),
	(244, 'L', 435, 79),
	(245, 'XL', 56, 79),
	(253, 'M', 23, 85),
	(254, 'L', 11, 85),
	(255, 'XL', 76, 85),
	(256, 'S', 23, 86),
	(257, 'M', 554, 86),
	(258, 'L', 45, 86),
	(259, 'XL', 324, 86),
	(260, 'S', 12, 87),
	(261, 'M', 5, 87),
	(262, 'L', 56, 87),
	(263, 'XL', 654, 87),
	(300, 'S', 34, 97),
	(301, 'M', 43, 97),
	(302, 'X', 22, 97),
	(303, 'XL', 645, 97),
	(304, 'S', 56, 98),
	(305, 'M', 78, 98),
	(306, 'X', 34, 98),
	(307, 'XL', 56, 98),
	(308, 'S', 54, 99),
	(309, 'M', 54, 99),
	(310, 'X', 65, 99),
	(311, 'XL', 43, 99),
	(313, 'XS', 43, 101),
	(314, 'M', 43, 101),
	(315, 'L', 65, 101),
	(316, 'XL', 23, 101),
	(349, 'XS', 23, 159),
	(350, 'S', 43, 159),
	(351, 'M', 34, 159),
	(352, 'L', 21, 159),
	(353, 'XL', 56, 159),
	(354, 'XS', 44, 160),
	(355, 'S', 534, 160),
	(356, 'M', 34, 160),
	(357, 'L', 653, 160),
	(358, 'XL', 56, 160),
	(359, 'XS', 4, 161),
	(360, 'S', 456, 161),
	(361, 'M', 564, 161),
	(362, 'L', 456, 161),
	(363, 'XL', 54, 161),
	(364, 'XS', 64, 162),
	(365, 'S', 546, 162),
	(366, 'M', 46, 162),
	(367, 'L', 45, 162),
	(368, 'XL', 34, 162),
	(369, 'XS', 356, 163),
	(370, 'S', 65, 163),
	(371, 'M', 345, 163),
	(372, 'L', 57, 163),
	(373, 'XL', 34, 163),
	(374, 'S', 132, 164),
	(375, 'X', 2, 164),
	(376, 'XL', 34, 164),
	(377, 'S', 232, 165),
	(378, 'M', 320, 165),
	(379, 'L', 234, 165),
	(380, 'XL', 12, 165),
	(381, 'S', 435, 166),
	(382, 'M', 65, 166),
	(383, 'L', 547, 166),
	(384, 'XL', 657, 166),
	(385, 'S', 0, 167),
	(386, 'M', 234, 167),
	(387, 'L', 45, 167),
	(388, 'XL', 230, 167),
	(389, 'S', 123, 168),
	(390, 'L', 12, 168),
	(391, 'XL', 342, 168),
	(392, 'S', 32, 169),
	(393, 'M', 34, 169),
	(394, 'XL', 32, 169),
	(395, 'S', 32, 170),
	(396, 'X', 45, 170),
	(397, 'XL', 23, 170),
	(398, 'S', 213, 171),
	(399, 'M', 32, 171),
	(400, 'L', 4, 171),
	(401, 'XL', 2, 171),
	(402, 'S', 23, 172),
	(403, 'M', 342, 172),
	(404, 'L', 234, 172),
	(405, 'XL', 21, 172),
	(406, 'S', 54, 173),
	(407, 'M', 546, 173),
	(408, 'L', 5, 173),
	(409, 'XL', 56, 173),
	(410, 'S', 320, 174),
	(411, 'X', 34, 174),
	(412, 'XL', 23, 174),
	(413, 'S', 23, 175),
	(414, 'X', 78, 175),
	(415, 'XL', 67, 175),
	(416, 'S', 100, 176),
	(417, 'L', 223, 176),
	(418, 'XL', 342, 176),
	(419, 'S', 23, 177),
	(420, 'L', 234, 177),
	(421, 'XL', 23, 177),
	(422, 'S', 34, 178),
	(423, 'M', 54, 178),
	(424, 'L', 345, 178),
	(425, 'XL', 65, 178),
	(426, 'S', 4, 179),
	(427, 'M', 54, 179),
	(428, 'L', 345, 179),
	(429, 'XL', 46, 179),
	(430, 'S', 345, 180),
	(431, 'M', 34, 180),
	(432, 'L', 25, 180),
	(433, 'XL', 75, 180),
	(434, 'S', 32, 181),
	(435, 'M', 334, 181),
	(436, 'L', 423, 181),
	(437, 'XL', 324, 181),
	(438, 'S', 23, 182),
	(439, 'X', 45, 182),
	(440, 'XL', 43, 182),
	(441, 'S', 23, 183),
	(442, 'L', 32, 183),
	(443, 'XL', 12, 183),
	(444, 'S', 34, 184),
	(445, 'L', 24, 184),
	(446, 'XL', 34, 184),
	(447, 'S', 234, 185),
	(448, 'L', 30, 185),
	(449, 'XL', 223, 185),
	(450, 'S', 32, 186),
	(451, 'L', 34, 186),
	(452, 'XL', 23, 186),
	(453, 'XS', 32, 187),
	(454, 'L', 76, 187),
	(455, 'XL', 54, 187),
	(456, 'S', 45, 188),
	(457, 'L', 34, 188),
	(458, 'XL', 45, 188),
	(459, 'S', 32, 189),
	(460, 'X', 34, 189),
	(461, 'XL', 45, 189),
	(462, 'S', 34, 190),
	(463, 'X', 32, 190),
	(464, 'XL', 223, 190),
	(465, 'S', 324, 191),
	(466, 'XS', 32, 191),
	(467, 'L', 45, 191),
	(468, 'XL', 76, 191),
	(469, 'S', 45, 192),
	(470, 'L', 32, 192),
	(471, 'XL', 45, 192),
	(472, 'S', 23, 193),
	(473, 'XS', 45, 193),
	(474, 'L', 453, 193),
	(475, 'XL', 32, 193),
	(477, 'S', 34, 195),
	(478, 'M', 234, 195),
	(479, 'L', 12, 195),
	(480, 'XL', 34, 195),
	(481, 'S', 32, 196),
	(482, 'X', 4, 196),
	(483, 'L', 234, 196),
	(484, 'XL', 43, 196),
	(485, 'S', 21, 197),
	(486, 'X', 34, 197),
	(487, 'L', 32, 197),
	(488, 'M', 65, 197),
	(489, 'S', 54, 198),
	(490, 'X', 45, 198),
	(491, 'L', 45, 198),
	(492, 'M', 456, 198),
	(493, 'S', 35, 199),
	(494, 'X', 65, 199),
	(495, 'L', 78, 199),
	(496, 'M', 856, 199),
	(497, 'S', 7, 200),
	(498, 'X', 657, 200),
	(499, 'L', 56, 200),
	(500, 'M', 34, 200),
	(501, 'S', 231, 201),
	(502, 'X', 34, 201),
	(503, 'L', 42, 201),
	(504, 'XL', 435, 201),
	(505, 'S', 32, 202),
	(506, 'X', 43, 202),
	(507, 'L', 430, 202),
	(508, 'XL', 43, 202),
	(509, 'S', 34, 203),
	(510, 'X', 43, 203),
	(511, 'L', 56, 203),
	(512, 'XL', 76, 203),
	(513, 'S', 87, 204),
	(514, 'X', 78, 204),
	(515, 'L', 98, 204),
	(516, 'XL', 45, 204),
	(517, 'S', 54, 205),
	(518, 'X', 67, 205),
	(519, 'L', 87, 205),
	(520, 'XL', 878, 205),
	(521, 'S', 45, 206),
	(522, 'X', 34, 206),
	(523, 'L', 65, 206),
	(524, 'XL', 76, 206),
	(525, 'S', 87, 207),
	(526, 'X', 89, 207),
	(527, 'L', 34, 207),
	(528, 'XL', 34, 207),
	(529, 'S', 54, 208),
	(530, 'X', 332, 208),
	(531, 'L', 6, 208),
	(532, 'XL', 3, 208),
	(533, 'S', 6, 209),
	(534, 'X', 345, 209),
	(535, 'L', 67, 209),
	(536, 'XL', 56, 209),
	(537, 'S', 4554, 210),
	(538, 'X', 45, 210),
	(539, 'L', 54, 210),
	(540, 'XL', 5454, 210),
	(541, 'S', 67, 211),
	(542, 'X', 78, 211),
	(543, 'L', 89, 211),
	(544, 'XL', 56, 211),
	(545, 'S', 3523, 212),
	(546, 'X', 46, 212),
	(547, 'L', 8, 212),
	(548, 'XL', 67, 212),
	(549, 'S', 34, 213),
	(550, 'M', 4567, 213),
	(551, 'L', 87, 213),
	(552, 'XL', 87, 213),
	(553, 'X', 34, 214),
	(554, 'L', 4, 214),
	(555, 'XL', 65, 214),
	(556, 'S', 45, 215),
	(557, 'X', 578, 215),
	(558, 'L', 56, 215),
	(559, 'XL', 34, 215),
	(560, 'S', 7, 216),
	(561, 'X', 67, 216),
	(562, 'L', 9867, 216),
	(563, 'XL', 56, 216),
	(564, 'S', 34, 217),
	(565, 'L', 54, 217),
	(566, 'XL', 56, 217),
	(567, 'S', 45, 218),
	(568, 'L', 678, 218),
	(569, 'XL', 89, 218),
	(570, 'S', 3, 219),
	(571, 'X', 54, 219),
	(572, 'XL', 46, 219),
	(573, 'S', 67, 220),
	(574, 'X', 56, 220),
	(575, 'XL', 98, 220),
	(576, 'S', 56, 221),
	(577, 'X', 789, 221),
	(578, 'XL', 90, 221),
	(579, 'S', 45, 222),
	(580, 'L', 45, 222),
	(581, 'XL', 65, 222),
	(582, 'S', 6, 223),
	(583, 'L', 65, 223),
	(584, 'XL', 78, 223),
	(585, 'S', 45, 224),
	(586, 'X', 78, 224),
	(587, 'XL', 5, 224),
	(588, 'S', 67, 225),
	(589, 'L', 67, 225),
	(590, 'XL', 65, 225),
	(591, 'S', 67, 226),
	(592, 'X', 4, 226),
	(593, 'XL', 34, 226),
	(594, 'S', 56, 227),
	(595, 'X', 34, 227),
	(596, 'L', 76, 227),
	(597, 'S', 78, 228),
	(598, 'X', 67, 228),
	(599, 'XL', 45, 228),
	(600, 'S', 45, 229),
	(601, 'X', 65, 229),
	(602, 'XL', 7, 229),
	(603, 'S', 45, 230),
	(604, 'X', 56, 230),
	(605, 'XL', 76, 230),
	(606, 'S', 45, 231),
	(607, 'X', 56, 231),
	(608, 'XL', 760, 231),
	(609, 'S', 34, 232),
	(610, 'X', 54, 232),
	(611, 'XL', 7, 232),
	(612, 'S', 56, 233),
	(613, 'X', 568, 233),
	(614, 'XL', 89, 233),
	(615, 'S', 34, 234),
	(616, 'X', 5, 234),
	(617, 'L', 65, 234),
	(618, 'XL', 56, 234),
	(619, 'S', 65, 235),
	(620, 'X', 5, 235),
	(621, 'L', 76, 235),
	(622, 'XL', 87, 235);

-- Dumping structure for table shop.subcategory
CREATE TABLE IF NOT EXISTS `subcategory` (
  `subcategory_id` int NOT NULL AUTO_INCREMENT COMMENT 'Mã danh mục con',
  `subcategory_name` varchar(100) CHARACTER SET utf8mb3 COLLATE utf8mb3_general_ci NOT NULL COMMENT 'Tên danh mục con',
  `category_id` int NOT NULL COMMENT 'Mã danh mục',
  PRIMARY KEY (`subcategory_id`),
  KEY `category_id` (`category_id`),
  CONSTRAINT `subcategory_ibfk_1` FOREIGN KEY (`category_id`) REFERENCES `category` (`category_id`) ON DELETE CASCADE
) ENGINE=InnoDB AUTO_INCREMENT=65 DEFAULT CHARSET=utf8mb4 COLLATE=utf8mb4_unicode_ci;

-- Dumping data for table shop.subcategory: ~48 rows (approximately)
INSERT INTO `subcategory` (`subcategory_id`, `subcategory_name`, `category_id`) VALUES
	(1, 'Áo hai dây & ba lỗ', 1),
	(2, 'Áo ống', 1),
	(3, 'Áo thun', 1),
	(7, 'Áo sơ mi', 1),
	(8, 'Áo polo', 1),
	(9, 'Áo len', 1),
	(22, 'Khác', 1),
	(24, 'Áo liền thân', 1),
	(25, 'Quần legging', 2),
	(26, 'Quần dài', 2),
	(27, 'Quần jeans', 2),
	(28, 'Khác', 2),
	(29, 'Quần đùi', 3),
	(30, 'Quần váy', 3),
	(31, 'Khác', 3),
	(32, 'Quần bay (Jumpsuits)', 8),
	(33, 'Quần bay ngắn (Playsuits)', 8),
	(34, 'Quần yếm', 8),
	(35, 'Khác', 8),
	(36, 'Áo khoác mùa đông', 9),
	(37, 'Áo choàng', 9),
	(38, 'Áo blazer', 9),
	(39, 'Áo khoác ngoài', 9),
	(40, 'Áo vest', 9),
	(41, 'Khác', 9),
	(42, 'Áo khoác nỉ', 11),
	(43, 'Áo hoodies', 11),
	(44, 'Khác', 11),
	(45, 'Bộ đồ đôi', 12),
	(46, 'Bộ gia đình', 12),
	(47, 'Bộ lẻ', 12),
	(48, 'Khác', 12),
	(49, 'Pyjama', 14),
	(50, 'Váy ngủ', 14),
	(51, 'Áo choàng ngủ, Áo khoác kimono', 14),
	(52, 'Khác', 14),
	(53, 'Áo', 16),
	(54, 'Quần và chân váy', 16),
	(55, 'Bộ', 16),
	(56, 'Đầm', 16),
	(57, 'Khác', 16),
	(58, 'Tất', 20),
	(59, 'Quần tất', 20),
	(60, 'Khác', 20),
	(61, 'Đầm', 21),
	(62, 'Váy', 21),
	(63, 'Váy cưới', 21),
	(64, 'Khác', 21);

-- Dumping structure for procedure shop.getProductsSearch
DELIMITER //
CREATE PROCEDURE `getProductsSearch`(
	IN `page_index` INT,
	IN `page_size` INT,
	IN `category_id` INT,
	IN `list_subcategory_id` VARCHAR(4000) CHARACTER SET UTF8MB4,
	IN `text_search` VARCHAR(200) CHARACTER SET UTF8MB4,
	IN `min_price1` INT,
	IN `max_price1` INT,
	IN `sort` INT,
	OUT `OUT_TOTAL_ROW` INT
)
BEGIN
    CREATE TEMPORARY TABLE Result1
    AS (
        SELECT p.product_id,
            p.product_name,
            p.product_discount,
            p.created_time,
            MIN(cl.product_price - cl.product_price * p.product_discount / 100) as min_price,
            MAX(cl.product_price - cl.product_price * p.product_discount / 100) as max_price,
            SUM(IFNULL(od.product_quantity, 0)) as quantity_sold
        FROM product AS p
            INNER JOIN subcategory AS sc ON p.subcategory_id = sc.subcategory_id
            INNER JOIN category AS c ON sc.category_id = c.category_id
            INNER JOIN color AS cl ON cl.product_id = p.product_id
            INNER JOIN size s ON s.color_id = cl.color_id
            LEFT JOIN orderdetails od ON od.size_id = s.size_id
        WHERE (category_id IS NULL OR c.category_id = category_id)
            AND (text_search IS NULL OR p.product_name LIKE CONCAT('%', text_search, '%'))
            AND (list_subcategory_id IS NULL OR sc.subcategory_id IN (SELECT *
                                                                    FROM JSON_TABLE(
                                                                            list_subcategory_id,
                                                                            "$[*]" COLUMNS(
                                                                            subcategory_id INT PATH "$")) as data))
        GROUP BY p.product_id, p.product_name, p.product_description, p.product_discount
        HAVING (min_price1 IS NULL OR min_price >= min_price1)
                AND (max_price1 IS NULL OR min_price <= max_price1)
    );
    SELECT COUNT(*)
    INTO OUT_TOTAL_ROW
    FROM Result1;

    SET @page1 = (page_index - 1) * page_size;
    SET @page_size1 = page_size;
    IF(sort = '1') THEN
        SET @sort_query = 'ORDER BY r.created_time DESC ';
    ELSEIF(sort = '2') THEN
        SET @sort_query = 'ORDER BY r.quantity_sold DESC ';
    ELSEIF(sort = '3') THEN
        SET @sort_query = 'ORDER BY r.product_discount DESC';
    ELSEIF(sort = '4') THEN
        SET @sort_query = 'ORDER BY r.min_price ASC ';
    ELSE
        SET @sort_query = 'ORDER BY r.min_price DESC ';
    END IF;
    SET @queryString = (
            CONCAT('
                CREATE TEMPORARY TABLE Result2
                    AS (
                        SELECT r.product_id,
                                r.product_name,
                                r.product_discount,
                                r.min_price,
                                r.max_price,
                                r.quantity_sold
                        FROM Result1 AS r ',
                        @sort_query,'
                        LIMIT ? OFFSET ?
                    )
            ')
        );

    PREPARE myquery FROM @queryString;
    EXECUTE myquery USING @page_size1, @page1;
    DROP TEMPORARY TABLE Result1;

    SELECT JSON_ARRAYAGG(
        JSON_OBJECT(
        'product_id', p.product_id,
        'product_name', p.product_name,
        'product_discount', p.product_discount,
        'min_price', p.min_price,
        'max_price', p.max_price,
        'quantity_sold', p.quantity_sold,
        'colors', (SELECT JSON_ARRAYAGG(
                            JSON_OBJECT(
                                'color_id', c.color_id,
                                'color_name', c.color_name,
                                'product_price', c.product_price,
                                'product_image1', c.product_image1,
                                'product_image2', c.product_image2,
                                'product_image3', c.product_image3,
                                'product_image4', c.product_image4,
                                'product_image5', c.product_image5,
                                'sizes', (SELECT JSON_ARRAYAGG(
                                                    JSON_OBJECT(
                                                    'size_id', s.size_id,
                                                    'size_name', s.size_name,
                                                    'quantity', s.quantity
                                                ))
                                        FROM size s
                                        WHERE s.color_id = c.color_id)
                            ))
                    FROM color c
                    WHERE c.product_id = p.product_id)
    )) AS data
    FROM Result2 AS p;
    DROP TEMPORARY TABLE Result2;
END//
DELIMITER ;

/*!40103 SET TIME_ZONE=IFNULL(@OLD_TIME_ZONE, 'system') */;
/*!40101 SET SQL_MODE=IFNULL(@OLD_SQL_MODE, '') */;
/*!40014 SET FOREIGN_KEY_CHECKS=IFNULL(@OLD_FOREIGN_KEY_CHECKS, 1) */;
/*!40101 SET CHARACTER_SET_CLIENT=@OLD_CHARACTER_SET_CLIENT */;
/*!40111 SET SQL_NOTES=IFNULL(@OLD_SQL_NOTES, 1) */;
